😀 froehlich, froh, fröhlich, gesicht, gesichter, gluecklich, glücklich, grinsen, grinsendes gesicht, haha, happy, lachen, lol, lustig, smiley, witzig
😃 auge, augen, froehlich, froh, fröhlich, gesicht, gesichter, gluecklich, glücklich, grinsen, grinsendes gesicht mit großen augen, grinsendes gesicht mit grossen augen, große, grosse, haha, happy, lachen, laecheln, lol, lustig, lächeln, muender, mund, münder, offen, smiley, witzig
😄 auge, augen, froehlich, froh, fröhlich, geschlossen, gesicht, gesichter, gluecklich, glücklich, grinsen, grinsendes gesicht mit lachenden augen, haha, happy, lachen, laecheln, lol, lustig, lächeln, muender, mund, münder, offen, smiley, witzig
😁 auge, augen, froehlich, froh, fröhlich, gesicht, gesichter, gluecklich, glücklich, grinsen, haha, happy, lachen, laecheln, lol, lustig, lächeln, smiley, strahlen, strahlendes gesicht mit lachenden augen, witzig, zaehne, zahn, zähne
😆 auge, augen, geschlossen, gesicht, gesichter, grinsegesicht, grinsegesicht mit zugekniffenen augen, grinsen, haha, hehe, hihi, lachen, lol, lustig, muender, mund, münder, offen, smiley, witzig, zugekniffen, zusammengekniffen
😅 gesicht, gesichter, grinsen, grinsendes gesicht mit schweißtropfen, grinsendes gesicht mit schweisstropfen, haha, lachen, laecheln, lol, lustig, lächeln, muender, mund, münder, nervoes, nervös, offen, schweiß, schweiss, schweißtropfen, schweisstropfen, schwitzen, smiley, witzig
🤣 boden, gesicht, gesichter, haha, hehe, lachen, lol, lustig, muahaha, rofl, sich vor lachen auf dem boden waelzen, sich vor lachen auf dem boden wälzen, smiley, traenen, tränen, waelzen, witzig, wälzen
😂 freude, freudentraenen, freudentränen, froehlich, froh, fröhlich, gesicht, gesicht mit freudentraenen, gesicht mit freudentränen, gesichter, gluecklich, glücklich, haha, happy, hehe, hihi, lachen, lol, lustig, muahaha, rofl, smiley, traenen, tränen, witzig
🙂 gesicht, gesichter, laecheln, leicht, leicht laechelndes gesicht, leicht lächelndes gesicht, lächeln, smiley
🙃 auf dem kopf, gesicht, gesichter, laecheln, lächeln, smiley, stehen, umgekehrt, umgekehrtes gesicht
🫠 aufloesen, auflösen, beschaemt, beschämt, fluessig, flüssig, gesicht, gesichter, hitze, sarkasmus, sarkastisch, schmelzen, schmelzendes gesicht, schwitzen, smiley, verschwinden
😉 auge, augen, flirten, gesicht, gesichter, sexy, smiley, zudruecken, zudrücken, zugedrueckt, zugedrückt, zukneifen, zuzwinkern, zwinkern, zwinkerndes gesicht
😊 auge, augen, erroeten, erröten, freude, freundlich, froehlich, froh, fröhlich, gesicht, gesichter, gluecklich, glücklich, haha, happy, lachen, laecheln, laechelndes gesicht mit lachenden augen, lol, lustig, lächeln, lächelndes gesicht mit lachenden augen, rot, wangen, witzig
😇 brav, engel, froehlich, froh, fröhlich, gesicht, gesichter, gluecklich, glücklich, happy, heiligenschein, laecheln, laechelndes gesicht mit heiligenschein, lieb, lächeln, lächelndes gesicht mit heiligenschein, seelig, smiley
🥰 3, anhimmeln, bewundern, gesicht, gesichter, hdgdl, hdl, herz, herzchen, herzen, laecheln, laechelndes gesicht mit herzen, lieb, liebe, lächeln, lächelndes gesicht mit herzen, romantik, smiley, verknallt, verliebt, verzueckt, verzückt
😍 auge, augen, froehlich, froh, fröhlich, gesicht, gesichter, gluecklich, glücklich, happy, herz, herzen, herzfoermig, herzförmig, laecheln, laechelndes gesicht mit herzfoermigen augen, liebe, lächeln, lächelndes gesicht mit herzförmigen augen, romantik, smiley, verliebt
🤩 aufgeregt, auge, augen, gesicht, gesichter, grinsen, smiley, star, stern, sterne, ueberwaeltigt, wow, überwältigt
😘 flirten, gesicht, gesichter, kuesschen, kuessen, kuss, kuss zuwerfendes gesicht, küsschen, küssen, lieb, smiley, zuwerfen
😗 flirten, gesicht, gesichter, hdl, knutsch, kuesschen, kuessen, kuessendes gesicht, kuss, küsschen, küssen, küssendes gesicht, smiley, xoxo
☺ froehlich, froh, fröhlich, gesicht, gesichter, gluecklich, glücklich, happy, laecheln, laechelndes gesicht, lächeln, lächelndes gesicht, rot, smiley, wangen
😚 geschlossen, gesicht, gesichter, knutsch, kuesschen, kuessen, kuessendes gesicht mit geschlossenen augen, kuss, küsschen, küssen, küssendes gesicht mit geschlossenen augen, rot, smiley, ugen, wangen
😙 auge, augen, flirten, gesicht, gesichter, knutsch, kuesschen, kuessen, kuessendes gesicht mit laechelnden augen, kuss, küsschen, küssen, küssendes gesicht mit lächelnden augen, laecheln, lächeln, smiley
🥲 beruehrt, berührt, dankbar, erleichtert, freudentraene, freudenträne, geruehrt, gerührt, gesicht, gesichter, lachendes gesicht mit traene, lachendes gesicht mit träne, laecheln, lächeln, smiley, stolz, traene, träne
😋 gesicht, gesichter, laecheln, lecker, leckeres essen, lächeln, sich die lippen leckender smiley, sich die lippen leckendes gesicht, smiley, zunge
😛 aetsch, baeh, bäh, gesicht, gesicht mit herausgestreckter zunge, gesichter, haha, herausgestreckt, lachen, lol, lustig, smiley, witzig, zunge, ätsch
😜 auge, augen, gesicht, gesichter, herausgestreckt, herausstrecken, smiley, zudruecken, zudrücken, zugedrueckt, zugedrückt, zunge, zwinkern, zwinkerndes gesicht mit herausgestreckter zunge
🤪 auge, augen, gesicht, gesichter, groß, gross, irre, irres gesicht, klein, smiley, verrueckt, verrückt
😝 auge, augen, baeh, bäh, ekel, gesicht, gesicht mit herausgestreckter zunge und zusammengekniffenen augen, gesichter, herausgestreckt, herausstrecken, igitt, schmeck, schrecklich, smiley, zunge, zusammengekniffen, zusammenkneifen
🤑 bezahlen, dollar, dollarzeichen, eur, euro, finanzen, geld, gesicht, gesicht mit dollarzeichen, gesichter, muender, mund, münder, smiley, usd, zahlung, zunge
🤗 druecken, drücken, gesicht, gesicht mit umarmenden haenden, gesicht mit umarmenden händen, gesichter, haende, hand, hände, smiley, umarmen, umarmung
🤭 gesicht, gesichter, haende, haha, hand, hihi, huch, hände, kichern, lachen, lol, lustig, muender, mund, münder, rot, smiley, verlegen, verlegen kicherndes gesicht, wangen, witzig
🫢 auge, augen, erschrecken, erstaunen, furcht, geschockt, gesicht, gesicht mit offenen augen und hand ueber dem mund, gesicht mit offenen augen und hand über dem mund, gesichter, haende, hand, hände, muender, mund, münder, offen, omg, schock, smiley, ueberraschung, unglauben, verlegenheit, überraschung
🫣 auge, augen, finger, gebannt, gesicht, gesicht mit durch die finger linsendem auge, gesichter, hervorlugen, linsen, schuechtern, schüchtern, smiley, spaehen, spähen, starren, verlegen
🤫 ermahnen, ermahnendes gesicht, finger, gesicht, gesichter, leise, psst, pst, ruhe, ruhig, sch, smiley
🤔 denken, fragen, gesicht, gesichter, gruebeln, grübeln, hm, komisch, nachdenken, nachdenkendes gesicht, nachdenklich, smiley, ueberlegen, wundern, überlegen
🫡 aye, gesicht, gesichter, gut, ja, jawohl, jawoll, militaer, militär, ok, okay, respekt, salutieren, salutierendes gesicht, smiley, zu befehl, zustimmung
🤐 geheimnis, gesicht, gesicht mit reißverschlussmund, gesicht mit reissverschlussmund, gesichter, halten, muender, mund, münder, reißverschluss, reissverschluss, schweigen, smiley, wahren
🤨 argwoehnisch, argwöhnisch, augenbrauen, gesicht, gesicht mit hochgezogenen augenbrauen, gesichter, hochgezogen, misstrauen, skeptisch, smiley, stutzig, zweifel
😐 ausdruckslos, gesicht, gesichter, kommentarlos, neutral, neutrales gesicht, smiley, todernst, unbeeindruckt
😑 ausdruckslos, ausdrucksloses gesicht, gesicht, gesichter, kommentarlos, selbstgefaellig, selbstgefällig, smiley, unbeeindruckt, unglaublich
😶 gesicht, gesicht ohne mund, gesichter, kein, muender, mund, münder, ohne, smiley, sprachlos
🫥 depressiv, deprimiert, egal, gesicht, gesichter, gestrichelt, gestricheltes gesicht, heulen, introvertiert, smiley, traurig, unsichtbar, verschwinden, verstecken, weinen
😶‍🌫️ geistesabwesend, gesicht im nebel, gesicht in wolken, kopf in wolken
😏 feixen, flirten, gesicht, gesichter, laecheln, lächeln, mundwinkel, schief, smiley, sueffisant, sueffisant laechelndes gesicht, süffisant, süffisant lächelndes gesicht
😒 gesicht, gesichter, heulen, langweilig, smiley, traurig, ungluecklich, unglücklich, unzufrieden, verstimmt, verstimmtes gesicht, weinen
🙄 auge, augen, augen verdrehendes gesicht, genervt, gesicht, gesichter, meinetwegen, nerv, ohje, rollen, smiley, verdrehen, verrollen
😬 gesicht, gesichter, grimasse, grimassen schneidendes gesicht, peinlich, schneiden, smiley, verziehen, zaehne, zahn, zähne
😮‍💨 ausatmen, erleichtert, erschoepft, erschöpft, gesicht, gesicht, das ausatmet, gesichter, husten, puh, pusten, schnaufen, seufz, seufzen, smiley
🤥 gesicht, gesichter, luege, luegendes gesicht, lüge, lügendes gesicht, nase, nasen, pinocchio, schwindel
🫨 doppelgesicht, erdbeben, gesicht, gesichter, omg, panik, schock, smiley, ueberrascht, verrueckt, verrückt, vibrieren, wow, zittern, zitterndes doppelgesicht, überrascht
🙂‍↔️ ablehnung, kopfschuetteln, kopfschütteln, nein, schlecht, schuetteln, schütteln
🙂‍↕️ gut, ja, kopfnicken, nicken, ok, okay, zustimmung
😌 auge, augen, entspannt, erleichtert, erleichtertes gesicht, geschlossen, gesicht, gesichter, smiley, zen, zufrieden
😔 enttaeuscht, enttäuscht, gesicht, gesichter, heulen, nachdenklich, nachdenkliches gesicht, schrecklich, smiley, traurig, verlieren, verloren, weinen
😪 dunkel, gesicht, gesichter, gute, heulen, mond, muede, müde, nacht, schlaefrig, schlaefriges gesicht, schläfrig, schläfriges gesicht, smiley, traurig, weinen
🤤 gesicht, gesichter, sabbern, sabberndes gesicht, smiley
😴 doesen, dunkel, dösen, einschlafen, gaehnen, gesicht, gesichter, gute nacht, gähnen, langweilig, mittagsschlaf, mond, muede, müde, nacht, nickerchen, schlaf, schlafen, schlafendes gesicht, smiley, zzz
🫩 augenringe, erschoepft, erschöpft, gesicht, gesicht mit augenringen, gesichter, muede, müde, schlaefrig, schläfrig, smiley, uebermuedet, übermüdet
😷 arzt, atemschutzmaske, bazillen, erkaeltet, erkältet, gesicht, gesicht mit atemschutzmaske, gesichter, krank, krankheit, muender, mund, mundschutz, münder, schutzmaske, smiley, viren, virus
🤒 fieber, gesicht, gesicht mit fieberthermometer, gesichter, krank, messen, smiley, thermometer
🤕 aua, autsch, gesicht, gesicht mit kopfverband, gesichter, koepfe, kopf, köpfe, schmerzen, smiley, verband, verletzung
🤢 ekel, eklig, erbrechen, gesicht, gesichter, gruen, grün, igitt, smiley, uebelkeit, uebergeben, widerlich, wuergen, wuergendes gesicht, würgen, würgendes gesicht, übelkeit, übergeben
🤮 ablehnung, brechen, erbrechen, gesicht, gesichter, kotzen, kotzendes gesicht, krank, nein, schlecht, smiley, speien, spucken, uebel, uebergeben, übel, übergeben
🤧 erkaeltet, erkaeltung, erkältet, erkältung, gesicht, gesichter, gesundheit, grippe, hatschi, krank, nase, nasen, niesen, niesendes gesicht, putzen, smiley, taschentuch
🥵 erhitzt, feuer, fieber, fiebrig, flamme, gesicht, gesichter, heiß, heiss, herausstrecken, hitze, hitzschlag, rot, schnaufen, schwitzen, schwitzendes gesicht, smiley, zunge
🥶 bibbern, blau, eisig, erfrieren, frieren, frierendes gesicht, froesteln, frostig, frösteln, gesicht, gesichter, kalt, schnee, schneien, smiley, unter null, zaehne, zaehneklappern, zahn, zittern, zähne, zähneklappern
🥴 angeheitert, angeschwipst, angetrunken, benebelt, berauscht, beschwipst, betrunken, gewellt, muender, mund, münder, schwindelig, schwindeliges gesicht, schwindlig, smiley
😵 auge, augen, benommen, benommenes gesicht, gesicht, gesichter, ko, krank, kreuze, schwindelig, schwindlig, smiley
😵‍💫 auge, augen, gesicht, gesicht mit spiralen als augen, gesichter, hoehenangst, hypnose, hypnotisiert, höhenangst, omg, schwindelig, schwindlig, smiley, spiralen, verwirrt, wirr
🤯 entsetzt, explodieren, explodierender kopf, geschockt, gesicht, gesichter, koepfe, kopf, köpfe, schock, schockiert, smiley, ueberwaeltigt, unglaublich, überwältigt
🤠 cowboy, cowboyhut, cowgirl, gesicht, gesicht mit cowboyhut, gesichter, hut, smiley
🥳 aufgeregt, feier, feiern, fest, froehlich, froh, fröhlich, geburtstag, gesicht, gesichter, gluecklich, glueckwunsch, glücklich, glückwunsch, happy, hurra, hut, party, partygesicht, smiley, ueberraschung, überraschung
🥸 brille, gesicht, gesichter, incognito, inkognito, maske, nase, nasen, nasenbrille, person, personen, smiley, spionieren, verdeckt, verkleidet, verkleidung
😎 cool, gesicht, gesichter, laecheln, laechelndes gesicht mit sonnenbrille, lächeln, lächelndes gesicht mit sonnenbrille, smiley, sonnenbrille
🤓 brille, gesicht, gesichter, intelligent, klug, nerd, schlau, schlaumeier, smart, smiley, streber, strebergesicht
🧐 elegant, gesicht, gesicht mit monokel, gesichter, monokel, reich, smiley
😕 gesicht, gesichter, heulen, keine ahnung, smiley, traurig, verwirrt, verwundert, verwundertes gesicht, weinen, weiß nicht, weiss nicht
🫤 enttaeuscht, enttäuscht, genervt, gesicht, gesicht mit schraegem mund, gesicht mit schrägem mund, gesichter, hmpf, keine ahnung, langweilig, skeptisch, smiley, unsicher, zweifelnd
😟 besorgt, besorgtes gesicht, gesicht, gesichter, heulen, smiley, sorgen, traurig, weinen
🙁 betruebt, betruebtes gesicht, betrübt, betrübtes gesicht, gesicht, gesichter, heulen, schade, smiley, traurig, weinen
☹ deprimiert, duester, duesteres gesicht, düster, düsteres gesicht, gesicht, gesichter, heulen, smiley, stirnrunzelnd, traurig, weinen
😮 erstaunt, gesicht, gesicht mit offenem mund, gesichter, muender, mund, münder, offen, omg, schockiert, unglaublich, vergessen, wow
😯 erstaunt, gesicht, gesichter, omg, smiley, sprachlos, verdutzt, verdutztes gesicht
😲 erstaunt, erstauntes gesicht, gesicht, gesichter, nee, omg, schockiert, smiley, verwundert
😳 auge, augen, erroeten, erroetetes gesicht mit grossen augen, erröten, errötetes gesicht mit großen augen, gesicht, gesichter, groß, gross, peinlich, rot, schaemen, scham, schämen, smiley, ueberrascht, verlegen, wangen, überrascht
🥺 anflehen, auge, augen, betteln, bettelnd, bettelndes gesicht, bitte, bitten, dank, danke, flehend, gesicht, gesichter, groß, gross, heulen, kulleraugen, smiley, traurig, weinen, welpenaugen
🥹 aufgebracht, dankbar, freude, freudentraenen, freudentränen, geruehrt, gerührt, gesicht, gesicht, das traenen zurueckhaelt, gesicht, das tränen zurückhält, gesichter, heulen, ruehrung, rührung, smiley, stolz, traenen, traurig, tränen, weinen, zurueckhalten, zurückhalten
😦 entsetzt, entsetztes gesicht, gesicht, gesichter, muender, mund, münder, offen, schockiert, smiley, verwundert
😧 arm, arme, gesicht, gesichter, leidend, qualvoll, qualvolles gesicht, smiley, vergessen, wow
😨 aengstlich, aengstliches gesicht, angst, besorgt, gesicht, gesichter, ängstlich, ängstliches gesicht
😰 aengstlich, angst, angstschweiß, angstschweiss, besorgt, besorgtes gesicht mit schweißtropfen, besorgtes gesicht mit schweisstropfen, gesicht, gesichter, muender, mund, münder, nervoes, nervös, offen, schweiß, schweiss, ängstlich
😥 aengstlich, enttaeuscht, enttäuscht, erleichtert, gesicht, gesichter, heulen, knapp, schweiß, schweiss, traurig, trauriges aber erleichtertes gesicht, weinen, ängstlich
😢 gesicht, gesichter, heulen, smiley, traene, traurig, träne, weinen, weinendes gesicht
😭 flennen, gesicht, gesichter, heulen, heulendes gesicht, schluchzen, smiley, traenen, traenenfluss, traurig, tränen, tränenfluss, weinen
😱 aengstlich, angst, gesicht, gesichter, munch, omg, panik, schrei, schreien, schreiend, vor angst schreiendes gesicht, ängstlich
😖 bestuerzt, bestürzt, frustriert, gesicht, gesichter, konfus, smiley, verwirrt, verwirrtes gesicht, verzweifelt
😣 ausdauernd, durchhalten, entschlossenes gesicht, fokus, gesicht, gesichter, konzentration, konzentrieren, kopfschmerzen
😞 enttaeuscht, enttaeuschtes gesicht, enttäuscht, enttäuschtes gesicht, gesicht, gesichter, heulen, leider, schade, smiley, traurig, verloren, weinen
😓 angstschweiß, angstschweiss, auge, augen, bedrueckt, bedruecktes gesicht mit schweiss, bedrückt, bedrücktes gesicht mit schweiß, geschlossen, gesicht, gesichter, kopfschmerzen, schweiß, schweiss, smiley
😩 ablehnung, erschoepft, erschoepftes gesicht, erschöpft, erschöpftes gesicht, fehlschlag, gesicht, gesichter, hungrig, muede, müde, nein, schlecht, smiley, ungluecklich, unglücklich
😫 gesicht, gesichter, heulen, muede, muedes gesicht, müde, müdes gesicht, niesen, smiley, traurig, weinen
🥱 gaehnen, gaehnend, gaehnendes gesicht, gelangweilt, gesicht, gesichter, gähnen, gähnend, gähnendes gesicht, langweilig, muede, müde, oede, schnarch, smiley, zzz, öde
😤 erleichtert, gesicht, gesichter, gewonnen, schnaubendes gesicht
😡 aerger, gesicht, gesichter, rot, rot angelaufener smiley, sauer, schmollendes gesicht, wuetend, wütend, zornig, ärger
😠 aerger, aergern, boese, böse, gesicht, gesichter, sauer, smiley, veraergert, veraergertes gesicht, verärgert, verärgertes gesicht, wuetend, wut, wütend, zornig, ärger, ärgern
🤬 aerger, aergern, fluchen, gesicht, gesicht mit symbolen ueber dem mund, gesicht mit symbolen über dem mund, gesichter, muender, mund, münder, sauer, schimpfen, schimpfwort, smiley, symbol, symbole, verdammt, wuetend, wut, wütend, zeichen, zensur, zornig, ärger, ärgern
😈 boese, böse, daemon, daemonin, dämon, dämonin, fantasie, grinsen, grinsendes gesicht mit hoernern, grinsendes gesicht mit hörnern, hoerner, hörner, lila, maerchen, märchen, satan, smiley, teufel, violett
👿 aerger, boese, böse, daemon, daemonin, dämon, dämonin, fantasie, fantasy, gesicht, gesichter, hoerner, hörner, kobold, lila, maerchen, märchen, satan, sauer, teufel, teufelchen, violett, wuetend, wuetendes gesicht mit hoernern, wütend, wütendes gesicht mit hörnern, zornig, ärger
💀 gesicht, gesichter, knochen, maerchen, märchen, schaedel, schädel, tod, tot, totenkopf, yolo
☠ gekreuzt, gesicht, gesichter, knochen, piratenflagge, schaedel, schädel, tod, tot, totenkopf, totenkopf mit gekreuzten knochen
💩 kot, kothaufen, mist
🤡 clown, clown-gesicht, gesicht, gesichter
👹 gesicht, gesichter, gruselig, japan, japanisch, maerchen, maske, monster, märchen, oger, ungeheuer
👺 aerger, gemein, gesicht, gesichter, japan, japanisch, kobold, maerchen, maske, monster, märchen, sauer, tengu, ungeheuer, wuetend, wütend, zornig, ärger
👻 buh, fantasy, geist, gesicht, gesichter, gespenst, gruselig, halloween, maerchen, märchen, spuk, zunge
👽 alien, all, außerirdisch, ausserirdisch, außerirdische, ausserirdische, außerirdischer, ausserirdischer, fantasy, gesicht, gesichter, maerchen, monster, märchen, rakete, space, ufo, weltraum, wesen
👾 computerspiel-monster, gesicht, gesichter, monster, ufo
🤖 gesicht, gesichter, monster, roboter, robotergesicht, roboterkopf
😺 gesicht, gesichter, grinsen, grinsende katze, haha, katze, katzen, katzengesicht, lachen, lol, lustig, muender, mund, münder, offen, smiley, tier, tiere, witzig
😸 auge, augen, gesicht, gesichter, grinsen, grinsende katze mit lachenden augen, haha, katze, katzen, katzengesicht, lachen, lol, lustig, smiley, tier, tiere, witzig
😹 freude, freudentraenen, freudentränen, gesicht, gesichter, haha, katze, katze mit freudentraenen, katze mit freudentränen, katzen, katzengesicht, lachen, lol, lustig, smiley, tier, tiere, traenen, tränen, witzig
😻 auge, augen, gesicht, gesichter, haha, herz, herzaugen, herzen, katze, katzen, katzengesicht, lachen, lachende katze mit herzen als augen, laecheln, liebe, lol, lustig, lächeln, romantik, smiley, tier, tiere, verliebt, witzig
😼 gesicht, gesichter, grinsen, haha, ironisch, katze, katzen, katzengesicht, lachen, laecheln, lol, lustig, lächeln, smiley, tier, tiere, verwegen, verwegen laechelnde katze, verwegen lächelnde katze, witzig
😽 auge, augen, geschlossen, gesicht, gesichter, katze, katzen, katzengesicht, kuesschen, kuesse, kuessen, kuessende katze, kuss, küsschen, küsse, küssen, küssende katze, rot, smiley, tier, tiere, wangen
🙀 angst, erschoepft, erschoepfte katze, erschöpft, erschöpfte katze, gesicht, gesichter, katze, katzen, katzengesicht, panik, schock, schockiert, schrei, schreien, smiley, tier, tiere, ueberrascht, überrascht
😿 gesicht, gesichter, heulen, katze, katzen, katzengesicht, smiley, tier, tiere, traene, traurig, träne, weinen, weinende katze
😾 gesicht, gesichter, katze, katzen, katzengesicht, schmollen, schmollende katze, schmollmund, smiley, tier, tiere, veraergert, verärgert
🙈 ablehnung, affe, affen, affengesicht, auge, augen, boese, böse, geheimnis, gemein, geste, nein, omg, schlecht, sehen, sich die augen zuhaltendes affengesicht, tier, tiere, verboten, vergessen, verstecken, zuhalten
🙉 ablehnung, affe, affen, affengesicht, boese, böse, geheimnis, gemein, geste, hoeren, hören, nein, ohr, ohren, schlecht, sich die ohren zuhaltendes affengesicht, tier, tiere, verboten, zuhalten, zuhoeren, zuhören
🙊 ablehnung, affe, affen, affengesicht, boese, böse, geheimnis, gemein, geste, haende, hand, heimlich, hände, leise, muender, mund, münder, nein, sagen, schlecht, sich den mund zuhaltendes affengesicht, sprechen, still, tier, tiere, ups, verboten, zuhalten
💌 brief, briefe, e-mail, email, herz, herzen, liebe, liebesbrief, mail, post, romantik, siegel, verliebt
💘 herz, herz mit pfeil, herzen, liebe, pfeil, pfeile, romantik, verliebt
💝 herz, herz mit schleife, herzen, hochzeitstag, jahrestag, kuesschen, kuesse, kuessen, kuss, küsschen, küsse, küssen, liebe, romantik, schleife, valentinstag, verliebt, xoxo
💖 aufregung, dunkel, funkeln, funkelndes herz, gefuehl, gefühl, glitzern, herz, herzen, liebe, mond, morgen, nacht, romantik, rosa, verliebt, xoxo
💗 aufregung, gefuehl, gefühl, herz, herzen, herzschlag, kuesschen, kuesse, kuessen, kuss, küsschen, küsse, küssen, liebe, nervoes, nervositaet, nervosität, nervös, puls, romantik, verliebt, wachsen, wachsendes herz, xoxo
💓 gefuehl, gefühl, herz, herzen, herzschlag, liebe, puls, pulsieren, romantik, schlagen, schlagendes herz, verliebt
💞 emotion, gefuehl, gefühl, herz, herzen, hochzeitstag, jahrestag, kreisen, kreisende herzen, liebe, romantik, suess, süß, verliebt
💕 date, gefuehl, gefühl, herz, herzen, hochzeitstag, jahrestag, kuesschen, kuesse, kuessen, kuss, küsschen, küsse, küssen, liebe, rendezvous, romantik, verliebt, xoxo, zwei, zwei herzen
💟 deko, emotion, gefuehl, gefühl, herz, herzdekoration, herzen, liebe, lila, romantik, verliebt, violett, weiß, weiss
❣ ausrufezeichen, herz, herz als ausrufezeichen, herzen, satzzeichen
💔 allein, gebrochen, gebrochenes herz, gefuehl, gefühl, herz, herzen, herzschmerz, heulen, liebeskummer, schmerz, traurig, trennung, weinen, zerbrochen
❤️‍🔥 brennendes herz, herz in flammen, leidenschaft, liebe, romantik, verliebt
❤️‍🩹 besserung, genesen, herz mit verband
❤ herz, herzen, rotes herz
🩷 gefaellt, gefallen, gefuehl, gefällt, gefühl, herz, herzen, liebe, mag, moegen, mögen, niedlich, pink, pinkes herz, romantik, rosa, suess, süß, verliebt
🧡 herz, herzen, liebe, orange, oranges herz, romantik, verliebt
💛 gefuehl, gefühl, gelb, gelbes herz, herz, herzen, herzlich, liebe, romantik, verliebt
💚 gefuehl, gefühl, gruen, gruenes herz, grün, grünes herz, herz, herzen, liebe, romantik, romantisch, verliebt
💙 blau, blaues herz, gefuehl, gefühl, herz, herzen, liebe, romantik, romantisch, verliebt
🩵 aquamarin, emotion, gefaellt, gefallen, gefuehl, gefällt, gefühl, hdl, hellblau, hellblaues herz, herz, herzen, liebe, mag, moegen, mögen, niedlich, romantik, suess, süß, tuerkis, türkis, verliebt, zyan
💜 beste, gefuehl, gefühl, hdl, herz, herzen, liebe, lila, lila herz, lilafarben, romantik, verliebt, violett
🤎 braun, braunes herz, herz, herzen
🖤 boese, böse, herz, herzen, schwarz, schwarzes herz
🩶 emotion, grau, graues herz, hdl, herz, herzen, liebe, romantik, schieferfarben, silber, silberfarben, verliebt
🤍 herz, herzen, weiß, weiss, weißes herz, weisses herz
💋 gefuehl, gefühl, knutsch, kuesschen, kuessen, kuss, kussabdruck, küsschen, küssen, liebe, lippen, lippenstift, romantik, romantisch, sexy, verliebt
💯 100, 100 punkte, punktestand, volle punktzahl
💢 aerger, comic, sauer, wuetend, wut, wütend, zornig, ärger
💥 bombe, boom, comic, explodieren, explosion, kollidieren, kollision, zusammenstoß, zusammenstoss, zusammenstoßen, zusammenstossen
💫 benommen, benommenheit, comic, komet, schwindlig, stern, sterne, sternschnuppe
💦 comic, feucht, nass, regen, regnen, schweiß, schweiss, schweißtropfen, schweisstropfen, schwitzen, trainieren, training, tropfen, wasser
💨 comic, rennen, staubwolke, weglaufen
🕳 loch, schwarz
💬 comic, dialog, gespraech, gespräch, sprechblase, sprechblase mit drei punkten, unterhaltung
👁️‍🗨️ auge, auge in sprechblase, augen, dialog, reden, sprechblase, sprechen, zeuge
🗨 dialog, reden, sprechblase links, sprechen, unterhaltung
🗯 aerger, sauer, sprechblase, sprechblase fuer wuetende aussage rechts, sprechblase für wütende aussage rechts, wuetend, wütend, zornig, ärger
💭 comic, denken, gedankenblase, gruebeln, grübeln, nachdenken, ueberlegen, überlegen
💤 buchstabe, buchstaben, comic, gaehn, gähn, langweilig, muede, müde, nickerchen, oede, schlaf, schlafen, schnarchen, zzz, öde
👋️ auf wiedersehen, bis spaeter, bis später, ciao, guten tag, haende, hallo, hand, hey, hi, hände, tschues, tschuess, tschüs, tschüss, winken, winkende hand
🤚️ erhoben, erhobene hand von hinten, erhobener handruecken, erhobener handrücken, haende, hand, hände
🖐️ 5, finger, fuenf, fünf, gespreizt, haende, hand, hand mit gespreizten fingern, hände
✋️ 5, erhoben, erhobene hand, haende, halt, hand, handflaeche, handfläche, high five, hände, schlag ein, stopp, warte
🖖️ finger, gruessen, gruß, gruss, grüßen, haende, hand, hände, spreizen, vulkanischer gruß, vulkanischer gruss
🫱️ ausgestreckt, ausstrecken, haende, haendeschuetteln, hand, hände, händeschütteln, nach rechts weisende hand, rechts, reichen, schuetteln, schütteln, weisen
🫲️ ausgestreckt, ausstrecken, haende, haendeschuetteln, hand, hände, händeschütteln, links, nach links weisende hand, reichen, schuetteln, schütteln, weisen
🫳️ abweisen, fallen lassen, fallenlassen, haende, hand, hand mit handflaeche nach unten, hand mit handfläche nach unten, handflaeche, handfläche, handgeste, hau ab, hände, unten, verscheuchen, wegscheuchen, wegschicken
🫴️ anbieten, angebot, darbieten, einladen, entgegenstrecken, haende, hand, hand mit handflaeche nach oben, hand mit handfläche nach oben, handflaeche, handfläche, handgeste, hände, kommen, locken, oben, reichen
🫷️ ablehnung, druecken, drücken, haende, halt, hand, high 5, high five, hände, links, moment, nach links schiebende hand, nein, schieben, schlecht, schluss, stopp, warte mal, warten
🫸️ ablehnung, druecken, drücken, haende, halt, hand, high 5, high five, hände, moment, nach rechts schiebende hand, nein, rechts, schieben, schlecht, schluss, stopp, warte mal, warten
👌️ exzellent, finger, genial, gut, haende, hand, hände, in ordnung, ja, natuerlich, natürlich, ok, ok-zeichen, okay, perfekt, super, zustimmung
🤌️ buendelhand, bündelhand, finger, fingerspitzen, gehts noch, geste, haende, hand, handgeste, hände, italienisch, was, zusammengedrueckt, zusammengedrueckte finger, zusammengedrückt, zusammengedrückte finger, zusammengelegt
🤏️ betrag, finger, gering, geste, haende, hand, hände, klein, menge, unbedeutend, wenig, wenig-geste, winzig
✌️ sieg, v, victory, victory-geste
🤞️ finger, gekreuzt, haende, hand, hand mit gekreuzten fingern, hände
🫰️ bezahlen, daumen, dollar, eur, euro, finanzen, finger, fingerherz, gekreuzt, geld, haende, hand, hand mit gekreuztem zeigefinger und daumen, handgeste, hände, kosten, teuer, usd, zahlung, zeigefinger
🤟️ drei, finger, geste, haende, hand, hdl, hände, ich-liebe-dich-geste, liebe, romantik, verliebt
🤘️ corna, finger, haende, hand, heavy, hoerner, hände, hörner, mano cornuta, metal, metalhand, pommesgabel, rock, teufel, teufelsgruß, teufelsgruss, yeah
🤙️ anruf, anrufen, haende, hand, hände, ruf, ruf-mich-an-handzeichen, shaka
👈️ finger, handrueckseite, handrückseite, links, nach links weisender zeigefinger, weisen, zeigefinger, zeigen
👉️ finger, handrueckseite, handrückseite, nach rechts weisender zeigefinger, rechts, weisen, zeigefinger, zeigen
👆️ aufwaerts, aufwärts, finger, handruecken, handrueckseite, handrücken, handrückseite, hier, hinauf, melden, nach oben weisender zeigefinger von hinten, oben, rauf, weisen, zeigefinger, zeigen
🖕️ finger, haende, hand, hände, mittelfinger
👇️ abwaerts, abwärts, finger, handruecken, handrueckseite, handrücken, handrückseite, hinab, hinunter, nach unten weisender zeigefinger, runter, unten, weisen, zeigefinger, zeigen
☝️ finger, haende, hand, handvorderseite, hier, hände, melden, nach oben weisender zeigefinger von vorne, oben, weisen, zeigefinger, zeigen
🫵️ auf betrachter zeigender zeigefinger, deuten, du, finger, fingerzeig, haende, hand, handgeste, hände, sie, stupsen, zeigefinger, zeigen
👍️ daumen, daumen hoch, einverstanden, finger, gut, haende, hand, hände, in ordnung, ja, jawohl, klar, klasse, like, nach oben, ok, okay, super, top, zustimmung
👎️ ablehnung, daumen, daumen runter, haende, hand, hände, nach unten, nein, schlecht
✊️ erhoben, erhobene faust, faust, haende, hand, hände, kampf, solidaritaet, solidarität
👊️ absolut, bro, faust, geballt, geballte faust, haende, hand, hände, korrekt, zustimmen
🤛️ faust, faust nach links, haende, hand, hände, nach links
🤜️ faust, faust nach rechts, haende, hand, hände, nach rechts
👏️ applaudieren, applaus, beifall, gratulation, großartig, grossartig, gut, haende, hand, hände, ja, klatschen, klatschend, klatschende haende, klatschende hände, ok, okay, toll, zustimmung
🙌️ erhoben, feier, feiern, fest, geste, haende, hand, handflaechen, handflächen, hurra, hände, party, zwei, zwei erhobene handflaechen, zwei erhobene handflächen
🫶️ <3, finger, geste, haende, haende, die herz bilden, haendeherz, hand, handgeste, handherz, hdl, herz, herzen, hände, hände, die herz bilden, händeherz, liebe, romantik, verliebt
👐️ haende, hand, hände, jazz, offen, offene haende, offene hände, umarmen, umarmung
🤲️ beten, gebet, haende, hand, handflaechen nach oben, handflächen nach oben, hände, nach oben, zusammen
🤝️ haende, haendeschuetteln, hand, handschlag, hände, händeschütteln, vereinbarung
🙏️ beten, betend, bitte, bitten, dank, danke, danken, gebet, gefaltet, gruessen, grüßen, handflaechen, handflächen, zusammengelegt, zusammengelegte handflaechen, zusammengelegte handflächen
✍️ haende, hand, hände, schreiben, schreibend, schreibende hand, stift
💅️ kosmetik, manikuere, maniküre, nagel, nagellack, nagelpflege
🤳️ handy, mobiltelefon, selfie, smartphone
💪️ angespannter bizeps, arm, arme, bizeps, bodybuilder, bro, fitnessstudio, gewichtheben, muckies, muskeln, stark, training
🦾 arm, arme, armprothese, barrierefreiheit, prothese
🦿 barrierefreiheit, bein, beine, beinprothese, prothese
🦵️ bein, beine, extremitaet, extremität, fuesse, fuß, fuss, füße, gebeugtes knie, gliedmaße, gliedmasse, knie, koerperglied, koerperteil, körperglied, körperteil, treten, tritt
🦶️ fuesse, fuß, fuss, füße, kick, knoechel, knöchel, koerperteil, körperteil, stampfen, treten, tritt
👂️ hoeren, hören, koerperteil, körperteil, ohr, ohren
🦻️ barrierefreiheit, gehoerlos, gehörlos, hilfsgeraet, hilfsgerät, hoergeraet, hoerhilfe, hörgerät, hörhilfe, ohr, ohr mit hoergeraet, ohr mit hörgerät, ohren, schwerhoerig, schwerhörig, taub
👃️ koerperteil, körperteil, nase, nasen, riechen
🧠 gehirn, hirn, intelligent, intelligenz, klug, schlau
🫀 anatomie, herz, herz (organ), herzen, herzschlag, koerper, koerperteil, körper, körperteil, mensch, menschen, organ, puls, schlagen
🫁 atem, atmen, ausatmen, einatmen, koerper, koerperteil, körper, körperteil, lunge, lungenfluegel, lungenflügel, mensch, menschen, organ
🦷 perlweiß, perlweiss, weiß, weiss, zaehne, zahn, zahnaerztin, zahnarzt, zahnärztin, zähne
🦴 hund, hunde, hundeknochen, kauknochen, knochen, skelett
👀 auge, augen, gesicht, gesichter, gucken, schauen, sehen
👁 auge, augen, blick, koerper, koerperteil, körper, körperteil, schauen, sehen
👅 aetsch, hmm, koerperteil, körperteil, lecken, lecker, mmh, zunge, ätsch
👄 koerperteil, kuesschen, kuessen, kuss, körperteil, küsschen, küssen, lippen, lippenstift, muender, mund, münder
🫦 aengstlich, angst, auf lippe beißen, auf lippe beissen, beißen, beissen, besorgt, flirten, flirtend, kuesschen, kuessen, kuss, küsschen, küssen, lippenstift, muender, mund, münder, nervoes, nervös, sexy, unbehaglich, zaehne, zahn, zähne, ängstlich
👶️ baby, babys, gesicht, gesichter, jung, kind, kinder, kleinkind, locke
🧒️ enkelkind, juenger, jung, jünger, kind, kinder, munter, strahlend
👦️ enkelsohn, gesicht, gesichter, juenger, jung, junge, jünger, kind, kinder, munter, sohn, strahlend
👧️ enkeltochter, gesicht, gesichter, juenger, jung, jünger, kind, kinder, maedchen, munter, mädchen, strahlend, tochter
🧑️ erwachsen, erwachsene person, mensch, menschen, person, personen
👱️ blond, blondhaarig, gesicht, gesichter, mensch, menschen, person, person: blondes haar, personen
👨️ erwachsen, gesicht, gesichter, maenner, mann, männer
🧔️ baertig, bart, bärtig, person, person: bart, personen, schnurrbart
🧔️‍♂️ bart, maenner, mann, mann mit bart, mann: bart, männer
🧔️‍♀️ bart, frau, frau mit bart, frau: bart, frauen
👨️‍🦰 erwachsen, gesicht, gesichter, maenner, mann, mann: rotes haar, männer, rotes haar
👨️‍🦱 erwachsen, gesicht, gesichter, lockiges haar, maenner, mann, mann: lockiges haar, männer
👨️‍🦳 erwachsen, gesicht, gesichter, maenner, mann, mann: weißes haar, mann: weisses haar, männer, weißes haar, weisses haar
👨️‍🦲 erwachsen, gesicht, gesichter, glatze, maenner, mann, mann: glatze, männer
👩️ erwachsen, frau, frauen, gesicht, gesichter
👩️‍🦰 erwachsen, frau, frau: rotes haar, frauen, gesicht, gesichter, rotes haar
🧑️‍🦰 erwachsen, erwachsene person, mensch, menschen, person, person: rotes haar, personen, rotes haar
👩️‍🦱 erwachsen, frau, frau: lockiges haar, frauen, gesicht, gesichter, lockiges haar
🧑️‍🦱 erwachsen, erwachsene person, lockiges haar, mensch, menschen, person, person: lockiges haar, personen
👩️‍🦳 erwachsen, frau, frau: weißes haar, frau: weisses haar, frauen, gesicht, gesichter, weißes haar, weisses haar
🧑️‍🦳 erwachsen, erwachsene person, mensch, menschen, person, person: weißes haar, person: weisses haar, personen, weißes haar, weisses haar
👩️‍🦲 erwachsen, frau, frau: glatze, frauen, gesicht, gesichter, glatze
🧑️‍🦲 erwachsen, erwachsene person, glatze, mensch, menschen, person, person: glatze, personen
👱️‍♀️ blond, blonde frau, frau, frau: blond, frauen, gesicht, gesichter, haar
👱️‍♂️ blond, blonder mann, gesicht, gesichter, haar, maenner, mann, mann: blond, männer
🧓️ aelter, aeltere person, alt, erwachsen, großeltern, grosseltern, mensch, menschen, person, personen, weise, älter, ältere person
👴️ aelter, aelterer mann, alt, erwachsen, großeltern, grosseltern, großvater, grossvater, maenner, mann, mensch, menschen, männer, opa, senior, weise, älter, älterer mann
👵️ aelter, aeltere frau, alt, erwachsen, frau, frauen, großeltern, grosseltern, großmutter, grossmutter, mensch, menschen, oma, seniorin, weise, älter, ältere frau
🙍️ frustriert, gesicht, gesichter, missmutig, missmutige person, person, personen, runzeln, stirnrunzelnd, unzufrieden, veraergert, verärgert
🙍️‍♂️ frustriert, gesicht, gesichter, maenner, mann, missmutig, missmutiger mann, männer, runzeln, stirnrunzelnd, unzufrieden, veraergert, verärgert
🙍️‍♀️ frau, frauen, frustriert, gesicht, gesichter, missmutig, missmutige frau, runzeln, stirnrunzelnd, unzufrieden, veraergert, verärgert
🙎️ eingeschnappt, enttaeuscht, enttäuscht, jammerd, jammern, person, personen, schmollen, schmollend, schmollende person, veraergert, verärgert
🙎️‍♂️ eingeschnappt, enttaeuscht, enttäuscht, jammerd, jammern, maenner, mann, männer, schmollen, schmollend, schmollender mann, veraergert, verärgert
🙎️‍♀️ eingeschnappt, enttaeuscht, enttäuscht, frau, frauen, jammerd, jammern, schmollen, schmollend, schmollende frau, veraergert, verärgert
🙅️ ablehnung, arm, arme, gesicht, gesichter, nein, nicht, person, person mit ueberkreuzten armen, person mit überkreuzten armen, personen, schlecht, ueberkreuzt, verbieten, verboten, überkreuzt
🙅️‍♂️ ablehnung, arm, arme, gesicht, gesichter, maenner, mann, mann mit ueberkreuzten armen, mann mit überkreuzten armen, männer, nein, nicht, schlecht, ueberkreuzt, verbieten, verboten, überkreuzt
🙅️‍♀️ arm, arme, frau, frau mit ueberkreuzten armen, frau mit überkreuzten armen, frauen, gesicht, gesichter
🙆️ geste, gut, haende, hand, hände, ja, oje, ok, okay, omg, person, person mit haenden auf dem kopf, person mit händen auf dem kopf, personen, ueber kopf, uebung, zustimmung, über kopf, übung
🙆️‍♂️ geste, gut, haende, hand, hände, ja, maenner, mann, mann mit haenden auf dem kopf, mann mit händen auf dem kopf, männer, oje, ok, okay, omg, ueber kopf, uebung, zustimmung, über kopf, übung
🙆️‍♀️ frau, frau mit haenden auf dem kopf, frau mit händen auf dem kopf, frauen, geste, gut, haende, hand, hände, ja, oje, ok, okay, omg, ueber kopf, uebung, zustimmung, über kopf, übung
💁️ abgekippt, beleidigen, geruechte, gerüchte, geste, haende, hand, hände, infoschalter-mitarbeiter(in), klatsch, klatschen, person, personen, sarkasmus, sarkastisch, tratsch, tratschen
💁️‍♂️ abgekippt, beleidigen, geruechte, gerüchte, geste, haende, hand, hände, infoschalter-mitarbeiter, klatsch, klatschen, maenner, mann, männer, sarkasmus, sarkastisch, tratsch, tratschen
💁️‍♀️ auskunft, frau, frauen, informationen, infoschalter-mitarbeiterin
🙋️ aufzeigen, drankommen, drannehmen, frage, geste, haende, hand, heben, hier, hände, ich, person, person mit erhobenem arm, personen, sich melden, wissen
🙋️‍♂️ aufzeigen, drankommen, drannehmen, frage, geste, haende, hand, heben, hier, hände, ich, maenner, mann, mann mit erhobenem arm, männer, sich melden, wissen
🙋️‍♀️ aufzeigen, drankommen, drannehmen, frage, frau, frau mit erhobenem arm, frauen, geste, haende, hand, heben, hier, hände, ich, sich melden, wissen
🧏️ barrierefreiheit, gehoerlos, gehoerlose person, gehörlos, gehörlose person, hoeren, hören, ohr, ohren, person, personen, schwerhoerig, schwerhörig, taub
🧏️‍♂️ gehoerlos, gehoerloser mann, gehörlos, gehörloser mann, maenner, mann, männer, taub
🧏️‍♀️ frau, frauen, gehoerlos, gehoerlose frau, gehörlos, gehörlose frau, taub
🙇️ bedauern, bitten, demut, entschuldigung, geste, kniefall, meditation, meditieren, person, personen, sich verbeugende person, sorry, unterwerfen, verbeugen, verzeihung
🙇️‍♂️ demut, maenner, mann, männer, sich verbeugender mann, verbeugen
🙇️‍♀️ bedauern, bitten, demut, entschuldigung, frau, frauen, geste, kniefall, meditation, meditieren, sich verbeugende frau, sorry, unterwerfen, verbeugen, verzeihung
🤦️ ablehnung, fassen, frustriert, genervt, gesicht, gesichter, koepfe, kopf, köpfe, nein, oh nein, omg, person, personen, schlecht, sich an den kopf fassende person, unfassbar, unglaublich, verzweifelt
🤦️‍♂️ ablehnung, fassen, frustriert, genervt, gesicht, gesichter, koepfe, kopf, köpfe, maenner, mann, männer, nein, oh nein, omg, schlecht, sich an den kopf fassender mann, unfassbar, unglaublich, verzweifelt
🤦️‍♀️ ablehnung, fassen, frau, frauen, frustriert, genervt, gesicht, gesichter, koepfe, kopf, köpfe, nein, oh nein, omg, schlecht, sich an den kopf fassende frau, unfassbar, unglaublich, verzweifelt
🤷️ egal, gleichgueltig, gleichgültig, keine ahnung, person, personen, schultern zucken, schulterzuckend, schulterzuckende person, weiß nicht, weiss nicht, zweifel
🤷️‍♂️ egal, gleichgueltig, gleichgültig, keine ahnung, maenner, mann, männer, schultern zucken, schulterzuckend, schulterzuckender mann, weiß nicht, weiss nicht, zweifel
🤷️‍♀️ egal, frau, frauen, gleichgueltig, gleichgültig, keine ahnung, schultern zucken, schulterzuckend, schulterzuckende frau, weiß nicht, weiss nicht, zweifel
🧑️‍⚕️ arzt/aerztin, arzt/ärztin, arztkittel, doktor(in)
👨️‍⚕️ arzt, arztkittel, doktor, krankenpfleger, pfleger
👩️‍⚕️ aerztin, arztkittel, doktor, krankenschwester, pflegerin, ärztin
🧑️‍🎓 absolvent(in), doktorhut, student(in), uni
👨️‍🎓 absolvent, diplom, doktorhut, student, uni
👩️‍🎓 abschluss, absolventin, diplom, doktorhut, studentin, uni
🧑️‍🏫 dozent(in), lehrer(in), professor(in)
👨️‍🏫 dozent, lehrer, maenner, mann, männer, professor, tafel
👩️‍🏫 dozentin, frau, frauen, lehrerin, professorin
🧑️‍⚖️ richter(in), waage
👨️‍⚖️ gerechtigkeit, maenner, mann, männer, recht, richter
👩️‍⚖️ frau, frauen, gerechtigkeit, recht, richterin
🧑️‍🌾 bauer/baeuerin, bauer/bäuerin, farmer(in), gaertner(in), gärtner(in), landwirt(in)
👨️‍🌾 aehre, bauer, farmer, gaertner, gärtner, landwirt, rancher, ähre
👩️‍🌾 aehre, baeuerin, bäuerin, farmerin, gaertnerin, gärtnerin, landwirtin, ähre
🧑️‍🍳 koch/koechin, koch/köchin, kochen
👨️‍🍳 koch, kochen, restaurant
👩️‍🍳 kochen, koechin, köchin
🧑️‍🔧 elektriker(in), klempner(in), mechaniker(in)
👨️‍🔧 elektriker, handwerker, klempner, maenner, mann, mechaniker, männer
👩️‍🔧 elektrikerin, frau, frauen, handwerkerin, klempnerin, mechanikerin
🧑️‍🏭 arbeiter(in), fabrik, fabrikarbeiter(in), industriell, montage
👨️‍🏭 fabrik, fabrikarbeiter, helm
👩️‍🏭 fabrik, fabrikarbeiterin, frau, frauen, helm
🧑️‍💼 architekt(in), bueroangestellte(r), business, büroangestellte(r), manager(in), schlips und kragen
👨️‍💼 angestellter, buero, bueroangestellter, büro, büroangestellter, maenner, manager, mann, männer
👩️‍💼 angestellte, buero, bueroangestellte, büro, büroangestellte, frau, frauen, managerin, mangerin
🧑️‍🔬 forscher(in), labor, wissenschaftler(in)
👨️‍🔬 chemie, forscher, labor, wissenschaftler
👩️‍🔬 forscherin, frau, frauen, labor, wissenschaftlerin
🧑️‍💻 bildschirm, computer, entwickler(in), it-experte/it-expertin, pc, rechner
👨️‍💻 arbeit, beruf, bildschirm, buero, büro, computer, entwickler, it-experte, job, maenner, mann, männer, office, pc, rechner
👩️‍💻 arbeit, beruf, bildschirm, buero, büro, computer, entwickler, entwicklerin, frau, frauen, it-expertin, job, laptop, laptops, office, pc, rechner
🧑️‍🎤 entertainer(in), rock, saenger(in), star, sänger(in)
👨️‍🎤 maenner, mann, mic, mikrofon, männer, popstar, saenger, schauspieler, sänger
👩️‍🎤 frau, frauen, mic, mikrofon, popstar, saengerin, schauspielerin, sängerin
🧑️‍🎨 farbpalette, kuenstler(in), künstler(in), maler(in)
👨️‍🎨 farbpalette, kuenstler, künstler, maenner, maler, mann, männer
👩️‍🎨 farbpalette, frau, frauen, kuenstlerin, künstlerin, malerin
🧑️‍✈️ flieger, flug, flugzeug, flugzeuge, pilot(in)
👨️‍✈️ flieger, flug, flugzeug, flugzeuge, maenner, mann, männer, pilot
👩️‍✈️ flieger, flug, flugzeug, flugzeuge, frau, frauen, pilotin
🧑️‍🚀 astronaut(in), rakete, raumfahrt, space, weltraum
👨️‍🚀 astronaut, maenner, mann, männer, rakete, raumfahrt, space, weltraum
👩️‍🚀 astronautin, frau, frauen, rakete, raumfahrt, space, weltraum
🧑️‍🚒 feuerwehrhelm, feuerwehrmann/-frau
👨️‍🚒 feuerwehr, feuerwehrhelm, feuerwehrmann, maenner, mann, männer
👩️‍🚒 feuerwehrfrau, feuerwehrhelm, frau, frauen
👮️ arbeit, beruf, festnehmen, gesetzeshueter, gesetzeshüter, gesicht, gesichter, job, person, personen, polizei, polizist, polizist(in), polizistin, uniform, verhaften
👮️‍♂️ maenner, mann, männer, polizei, polizist
👮️‍♀️ arbeit, beruf, festnehmen, frau, frauen, gesetzeshueterin, gesetzeshüterin, job, person, personen, polizei, polizistin, uniform, verhaften
🕵️ detektiv, detektiv(in), finden, lupe, sherlock, spion, suche, suchen
🕵️‍♂️ detektiv, maenner, mann, männer, spion
🕵️‍♀️ detektivin, frau, frauen, spionage, spionin
💂️ baerenfellmuetze, buckingham palace, bärenfellmütze, gesicht, gesichter, london, wache, wachfrau, wachmann, wachsoldat, wachsoldatin, waechter, wächter
💂️‍♂️ buckingham palace, wache, wachsoldat
💂️‍♀️ buckingham, buckingham palace, guard, helm, london, palast, wache, wachsoldatin, waechter, wächter
🥷️ ausdauer, geheimmission, kaempfer, killer, krieger, kunoichi, kämpfer, moerder, mörder, ninja, person, personen, shinobi, soldat, vermummt
👷️ arbeit, bau, bauarbeiter, bauarbeiter(in), bauarbeiterin, beruf, gesicht, gesichter, helm, job, person, personen, schutzhelm, umbauen
👷️‍♂️ bauarbeiter, baustelle, helm
👷️‍♀️ bauarbeiter, bauarbeiterin, baustelle, frau, frauen, helm, maenner, mann, männer
🫅️ adelig, koenig, koenigin, koeniglich, koenigliche hoheit, kroenung, krönung, könig, königin, königlich, königliche hoheit, monarch, monarchin, person, person mit krone, personen, prinz, prinzessin
🤴️ krone, prinz
👸️ gesicht, gesichter, krone, maerchen, märchen, prinzessin
👳️ bart, dreitagebart, person, person mit turban, personen, turban
👳️‍♂️ gesicht, gesichter, maenner, mann, mann mit turban, männer, turban
👳️‍♀️ frau, frau mit turban, frauen, gesicht, gesichter, turban
👲️ china, chinesisch, gesicht, gesichter, hut, kappe, mann mit chinesischem hut, muetze, mütze, person, personen
🧕️ frau, frau mit kopftuch, frauen, hidschab, hijab, kopftuch, mantilla, person, personen, tichel, tuch
🤵️ anzug, braeutigam, bräutigam, formell, maenner, mann, männer, person, person im smoking, personen, smoking, vornehm
🤵️‍♂️ maenner, mann, mann im smoking, männer, smoking
🤵️‍♀️ frau, frau im smoking, frauen, smoking
👰️ braut, braut mit schleier, gesicht, gesichter, hochzeit, person, person mit schleier, personen, schleier
👰️‍♂️ maenner, mann, mann mit schleier, männer, schleier
👰️‍♀️ frau, frau mit schleier, frauen, schleier
🤰️ frau, frauen, schwanger, schwangere frau
🫃️ aufgeblaeht, aufgebläht, bauch, dick, person, personen, schwanger, schwangerer mann, ueberfressen, zu viel gegessen, überfressen
🫄️ aufgeblaeht, aufgebläht, bauch, dick, dicker bauch, person, personen, schwanger, schwangere person, schwangerschaft, ueberfressen, zu viel gegessen, überfressen
🤱️ baby, babys, brust, frau, frauen, person, personen, stillen
👩️‍🍼 baby, babys, eltern, flasche geben, flasche gebende frau, frau, frau, die baby die flasche gibt, frauen, fuettern, füttern, mama, milch, mutter, neugeborenes, person, personen, saeugling, säugling
👨️‍🍼 baby, babys, der baby die flasche gibt, eltern, flasche geben, flasche gebender mann, fuettern, füttern, kind, kinder, maenner, maennlich, mann, mann, der baby die flasche gibt, milch, männer, männlich, neugeborenes, papa, person, personen, saeugling, säugling, vater
🧑️‍🍼 baby, babys, die baby die flasche gibt, flasche geben, flasche gebende person, frau, frauen, fuettern, füttern, maenner, mama, mann, männer, neugeborenes, papa, person, person, die baby die flasche gibt, personen, saeugling, säugling, vater
👼️ engel, gesicht, gesichter, kind, kinder, maerchen, märchen, putte
🎅️ weihnachten, weihnachtsmann
🤶️ weihnachten, weihnachtsfrau
🧑️‍🎄 gesicht, gesicht mit hut, gesichter, person, personen, santa claus, weihnachten, weihnachtsfrau, weihnachtshut, weihnachtsmann, weihnachtsmuetze, weihnachtsmütze, weihnachtsperson
🦸️ held, person, personen, superheld, superheld(in), superheldin, superkraefte, superkraft, superkräfte, superman, uebermensch, umhang, übermensch
🦸️‍♂️ held, superheld
🦸️‍♀️ heldin, superheldin
🦹️ boese, boesewicht, boesewichtin, böse, bösewicht, bösewichtin, krimineller, person, personen, schurke, schurkin, superkraefte, superkräfte, superschurke, superschurkin, verbrecher
🦹️‍♂️ boese, boesewicht, böse, bösewicht, maennlicher boesewicht, männlicher bösewicht
🦹️‍♀️ boese, boesewicht, böse, bösewicht, weiblicher boesewicht, weiblicher bösewicht
🧙️ hexe, hexenmeister, magier, magier(in), magiker, person, personen, zauberer, zauberin, zaubern, zauberspruch, zauberstab
🧙️‍♂️ hexenmeister, magier, zauberer
🧙️‍♀️ hexe, magierin, zauberin
🧚️ elf, elfe, fantasy, fee, fluegel, flügel, gefluegelt, geflügelt, maerchen, maerchenfee, mystisch, märchen, märchenfee, person, personen, wesen
🧚️‍♂️ maennliche fee, männliche fee, oberon, puck, zauberer
🧚️‍♀️ fee, titania
🧛️ blutsauger, dracula, halloween, person, personen, reisszaehne, reißzähne, untot, untoter, vampir, zaehne, zahn, zähne
🧛️‍♂️ dracula, maennlicher vampir, männlicher vampir, untoter
🧛️‍♀️ untoter, weiblicher vampir
🧜️ maerchen, meerjungfrau, meermann, märchen, nixe, person, personen, sirene, wasserfrau, wassermann, wassermensch
🧜️‍♂️ triton, wassermann
🧜️‍♀️ meerjungfrau, nixe, wasserfrau
🧝️ elbe, elben, elbin, elf, elf(e), elfe, fantasy, herr der ringe, magie, magisch, person, personen
🧝️‍♂️ alb, elbe, elf, magisch
🧝️‍♀️ elbin, elfe, magisch
🧞 aladdin, aladin, dschinn, flaschengeist, lampe, lampen, person, personen, wuensche, wunderlampe, wünsche
🧞‍♂️ dschinn, maennlicher flaschengeist, männlicher flaschengeist
🧞‍♀️ dschinn, weiblicher flaschengeist
🧟 apokalypse, halloween, horror, person, personen, untot, untoter, walking dead, wandelnder toter, zombie
🧟‍♂️ maennlicher zombie, männlicher zombie, untoter, wandelnder toter
🧟‍♀️ untote, wandelnde tote, weiblicher zombie
🧌 fantasy, gruslig, kobold, maerchen, monster, märchen, ork, troll, ungeheuer
💆️ behandlung, die eine kopfmassage bekommt, entspannen, kopfmassage, kopfschmerzen, massage, migraene, migräne, person, person, die eine kopfmassage bekommt, personen, salon, spa, therapie
💆️‍♂️ der eine kopfmassage bekommt, entspannen, kopfmassage, kopfschmerzen, maenner, mann, mann, der eine kopfmassage bekommt, massage, männer, salon
💆️‍♀️ die eine kopfmassage bekommt, frau, frau, die eine kopfmassage bekommt, frauen, kopfmassage
💇️ friseur, friseurin, friseuse, frisoer, frisoerin, frisur, frisör, frisörin, haare, haarschnitt, person, person beim haareschneiden, personen, schere
💇️‍♂️ friseur, frisur, haarschnitt, maenner, mann, mann beim haareschneiden, männer, salon, schere
💇️‍♀️ frau, frau beim haareschneiden, frauen, friseur, haarschnitt, schere
🚶️ fussgaenger, fussgaenger(in), fussgaengerin, fußgänger, fußgänger(in), fußgängerin, gehen, gehend, person, personen, schlendern, schlurfen, wandern
🚶️‍♂️ fussgaenger, fußgänger, gehen, maenner, mann, männer, spaziergang
🚶️‍♀️ frau, frauen, fussgaengerin, fußgängerin, gehen, schlendern, spazieren, spaziergang
🚶️‍➡️ fussgaenger, fussgaenger(in), fussgaenger(in) nach rechts, fussgaengerin, fußgänger, fußgänger(in), fußgänger(in) nach rechts, fußgängerin, gehen, gehend, person, personen, schlendern, schlurfen, wandern
🚶️‍♀️‍➡️ frau, frauen, fussgaengerin, fussgaengerin nach rechts, fußgängerin, fußgängerin nach rechts, gehen, schlendern, spazieren, spaziergang
🚶️‍♂️‍➡️ fussgaenger, fussgaenger nach rechts, fußgänger, fußgänger nach rechts, gehen, maenner, mann, männer, spaziergang
🧍️ mensch, menschen, person, personen, stand, stehen, stehende person
🧍️‍♂️ maenner, mann, männer, stehen, stehender mann
🧍️‍♀️ frau, frauen, stehen, stehende frau
🧎️ fersensitz, knien, kniend, kniende person, meditation, meditieren, mensch, menschen, person, personen, seiza, zazen
🧎️‍♂️ kniend, kniender mann, maenner, mann, männer
🧎️‍♀️ frau, frauen, kniend, kniende frau
🧎️‍➡️ fersensitz, knien, kniend, kniende person, kniende person nach rechts, meditation, meditieren, mensch, menschen, person, personen, seiza, zazen
🧎️‍♀️‍➡️ frau, frauen, kniend, kniende frau, kniende frau nach rechts
🧎️‍♂️‍➡️ kniend, kniender mann, kniender mann nach rechts, maenner, mann, männer
🧑️‍🦯 barrierefreiheit, blind, person mit blindenstock, person mit langstock
🧑️‍🦯‍➡️ barrierefreiheit, blind, person mit blindenstock, person mit langstock, person mit langstock nach rechts
👨️‍🦯 barrierefreiheit, behinderung, blind, maenner, mann, mann mit blindenstock, mann mit gehstock, mann mit langstock, mensch, menschen, männer, person, personen, sehbehindert
👨️‍🦯‍➡️ barrierefreiheit, behinderung, blind, maenner, mann, mann mit blindenstock, mann mit gehstock, mann mit langstock, mann mit langstock nach rechts, mensch, menschen, männer, person, personen, sehbehindert
👩️‍🦯 barrierefreiheit, behinderung, blind, frau, frau mit blindenstock, frau mit gehstock, frau mit langstock, frauen, mensch, menschen, person, personen
👩️‍🦯‍➡️ barrierefreiheit, behinderung, blind, frau, frau mit blindenstock, frau mit gehstock, frau mit langstock, frau mit langstock nach rechts, frauen, mensch, menschen, person, personen
🧑️‍🦼 barrierefreiheit, person in elektrischem rollstuhl, rollstuhl
🧑️‍🦼‍➡️ barrierefreiheit, person in elektrischem rollstuhl, person in elektrischem rollstuhl nach rechts, rollstuhl
👨️‍🦼 barrierefreiheit, behinderung, maenner, mann, mann in elektrischem rollstuhl, mann in rollstuhl, mensch, menschen, männer, person, personen, rollstuhl
👨️‍🦼‍➡️ barrierefreiheit, behinderung, maenner, mann, mann in elektrischem rollstuhl, mann in elektrischem rollstuhl nach rechts, mann in rollstuhl, mensch, menschen, männer, person, personen, rollstuhl
👩️‍🦼 barrierefreiheit, behinderung, frau, frau in elektrischem rollstuhl, frau in rollstuhl, frauen, mensch, menschen, person, personen, rollstuhl
👩️‍🦼‍➡️ barrierefreiheit, behinderung, frau, frau in elektrischem rollstuhl, frau in elektrischem rollstuhl nach rechts, frau in rollstuhl, frauen, mensch, menschen, person, personen, rollstuhl
🧑️‍🦽 barrierefreiheit, person in manuellem rollstuhl, rollstuhl
🧑️‍🦽‍➡️ barrierefreiheit, person in manuellem rollstuhl, person in manuellem rollstuhl nach rechts, rollstuhl
👨️‍🦽 barrierefreiheit, behinderung, maenner, mann, mann in manuellem rollstuhl, mann in rollstuhl, mensch, menschen, männer, person, personen, rollstuhl
👨️‍🦽‍➡️ barrierefreiheit, behinderung, maenner, mann, mann in manuellem rollstuhl, mann in manuellem rollstuhl nach rechts, mann in rollstuhl, mensch, menschen, männer, person, personen, rollstuhl
👩️‍🦽 barrierefreiheit, behinderung, frau, frau in manuellem rollstuhl, frau in rollstuhl, frauen, mensch, menschen, person, personen, rollstuhl
👩️‍🦽‍➡️ barrierefreiheit, behinderung, frau, frau in manuellem rollstuhl, frau in manuellem rollstuhl nach rechts, frau in rollstuhl, frauen, mensch, menschen, person, personen, rollstuhl
🏃️ eilig, joggen, laeufer, laeuferin, laufen, laufende person, läufer, läuferin, marathon, person, personen, rennen, schnell, sport, sportarten
🏃️‍♂️ joggen, jogger, laufen, laufender mann, marathon
🏃️‍♀️ athlet, athletin, frau, frauen, joggen, joggerin, laeufer, laeuferin, laufen, laufende frau, läufer, läuferin, marathon, rennen, renner, rennerin, rennt, schell
🏃️‍➡️ eilig, joggen, laeufer, laeuferin, laufen, laufende person, laufende person nach rechts, läufer, läuferin, marathon, person, personen, rennen, schnell, sport, sportarten
🏃️‍♀️‍➡️ athlet, athletin, frau, frauen, joggen, joggerin, laeufer, laeuferin, laufen, laufende frau, laufende frau nach rechts, läufer, läuferin, marathon, rennen, renner, rennerin, rennt, schell
🏃️‍♂️‍➡️ joggen, jogger, laufen, laufender mann, laufender mann nach rechts, marathon
💃️ frau, frauen, taenzerin, tanz, tanzen, tanzende frau, tänzerin
🕺️ maenner, mann, männer, tanzen, tanzender mann
🕴️ anzug, geschaeftlich, geschäftlich, maenner, mann, männer, schwebender mann im anzug
👯 bunny, bunnys, doppelt, feier, feiern, fest, hasenohren, leute, party, person, personen, personen mit hasenohren, seelenverwandt, taenzerinnen, tanzen, tänzerinnen, zwillinge
👯‍♂️ bunnys, feier, feiern, fest, hasenohren, maenner, maenner mit hasenohren, mann, männer, männer mit hasenohren, party, tanzen, twillinge
👯‍♀️ bunnys, feier, feiern, fest, frau, frauen, frauen mit hasenohren, hasenohren, party
🧖️ abschalten, dampfbad, dampfsauna, entspannen, frau, frauen, luxurioes, luxuriös, person, person in dampfsauna, personen, relaxen, sauna, spa
🧖️‍♂️ dampfsauna, mann in dampfsauna, sauna
🧖️‍♀️ dampfsauna, frau in dampfsauna, sauna
🧗️ bergsteiger, bergsteiger(in), fels, kletterer, klettern, person, personen, sport, sportarten
🧗️‍♂️ bergsteiger
🧗️‍♀️ bergsteiger, bergsteigerin
🤺 fechten, fechter, fechter(in), schwert, sport, sportarten
🏇️ jockey auf pferd, pferderennen, schnell, sport, sportarten, um die wette, wetten
⛷ kalt, schnee, schneien, ski, skifahrer, skifahrer(in), skifahrerin, sport, sportarten
🏂️ snowboard, snowboarden, snowboarder, snowboarder(in), snowboarderin, sport, sportarten
🏌️ abschlagplatz, golf, golfer, golfer(in), golferin, golfspieler, golfspielerin, person, personen, sport, sportarten, sportler, sportlerin
🏌️‍♂️ golf, golfen, golfer, golfspieler, maenner, mann, männer
🏌️‍♀️ frau, frauen, golf, golfen, golferin, golfspielerin
🏄️ person, personen, sport, sportarten, surfboard, surfbrett, surfen, surfer, surfer(in), surferin, wassersport, wellenreiten, wellenreiter, wellenreiterin
🏄️‍♂️ maenner, mann, männer, surfer, wellenreiten
🏄️‍♀️ frau, frauen, sport, sportarten, strand, surf, surfbrett, surferin, wellen, wellenreiten
🚣️ angeln, boot, boote, kanu, paddel, person, person im ruderboot, personen, ruderboot, rudern, sport, sportarten
🚣️‍♂️ boot, boote, maenner, mann, mann im ruderboot, männer, rudern
🚣️‍♀️ boot, boote, bootfahrerin, frau, frau im ruderboot, frauen, ruder, ruderin, rudern, see
🏊️ kraulen, person, personen, pool, schwimmbecken, schwimmen, schwimmer, schwimmer(in), schwimmerin, sport, sportarten, triathlon, wasser
🏊️‍♂️ kraulen, pool, schwimmbad, schwimmen, schwimmer
🏊️‍♀️ frau, frauen, kraulen, pool, schwimmbad, schwimmen, schwimmerin, sport, sportarten
⛹️ baelle, ball, basketball, basketballer, basketballspieler, basketballspielerin, bälle, dribbeln, person, person mit ball, personen, sport, sportarten, sportler, sportlerin
⛹️‍♂️ ballsport, handball, maenner, mann, mann mit ball, männer
⛹️‍♀️ baelle, ball, ballsport, basketball, basketballspieler, bälle, frau, frau mit ball, frauen, handball, sport, sportarten
🏋️ gewicht, gewichtheber, gewichtheber(in), gewichtheberin, hantel, muskeln, person, personen, schwer, sport, sportarten, stark, training
🏋️‍♂️ gewicht heben, gewichtheber, maenner, mann, männer
🏋️‍♀️ frau, frauen, gewicht heben, gewichte heben, gewichteheberin, gewichtheberin
🚴️ bike, fahrrad, fahrraeder, fahrräder, person, personen, rad, radeln, radfahren, radfahrer, radfahrer(in), radfahrerin, sport, sportarten, tour de france
🚴️‍♂️ bike, fahrrad, fahrraeder, fahrräder, maenner, mann, männer, rad, radfahrer
🚴️‍♀️ bike, fahrrad, fahrradfahrerin, fahrraeder, fahrräder, frau, frauen, rad, radeln, radfahrerin, radlerin
🚵️ bike, fahrrad, fahrraeder, fahrräder, mountainbiker, mountainbiker(in), mountainbikerin, mountainbiking, person, personen, rad, radfahren, radfahrer, radfahrerin, sport, sportarten, tour de france
🚵️‍♂️ bike, fahrrad, fahrraeder, fahrräder, maenner, mann, mountainbike, mountainbiker, männer, rad
🚵️‍♀️ bike, fahrrad, fahrradfahrerin, fahrraeder, fahrräder, frau, frauen, mountain bike, mountain bikerin, mountainbike, mountainbikerin, rad, radeln, radfahrerin, sport, sportarten
🤸️ akrobatik, bike, bodenturnen, fahrrad, gymnastik, person, personen, rad, rad schlagen, rad schlagende person, radschlag, sport, sportarten, turner, turnerin
🤸️‍♂️ akrobatik, bike, bodenturnen, fahrrad, gymnastik, maenner, mann, männer, person, personen, rad, rad schlagen, rad schlagender mann, radschlag, sport, sportarten, turner
🤸️‍♀️ akrobatik, bike, bodenturnen, fahrrad, frau, frauen, gymnastik, person, personen, rad, rad schlagen, rad schlagende frau, radschlag, sport, sportarten, turnerin
🤼 catchen, catcher, person, personen, ringen, ringer, ringer(in), ringkampf, sport, sportarten, sportler, wrestler, wrestling
🤼‍♂️ catchen, catcher, maenner, mann, männer, ringen, ringende maenner, ringende männer, ringer, ringkampf, sport, sportarten, wrestler, wrestling
🤼‍♀️ catchen, catcherin, person, personen, ringen, ringende frauen, ringer, ringerin, ringkampf, sport, sportarten, wrestlerin, wrestling
🤽️ person, personen, schwimmsport, sport, sportarten, sportler, sportlerin, wasser, wasserball, wasserballspieler, wasserballspieler(in), wasserballspielerin, wassersport
🤽️‍♂️ maenner, mann, männer, person, personen, schwimmsport, sport, sportarten, sportler, wasser, wasserball, wasserballspieler, wassersport
🤽️‍♀️ ballspiele, frau, frauen, person, personen, schwimmsport, sport, sportarten, sportlerin, wasser, wasserball, wasserballspielerin, wassersport
🤾️ handball, handballer, handballerin, handballspieler, handballspieler(in), handballspielerin, person, personen, schleudern, sport, sportarten, sportler, werfen
🤾️‍♂️ handball, handballspieler, maenner, mann, männer, sport, sportarten
🤾️‍♀️ frau, frauen, handball, handballerin, handballspielerin, person, personen, schleudern, sport, sportarten, sportlerin, werfen
🤹️ artist, artistin, geschickt, jongleur, jongleur(in), jongleurin, jongleuse, jonglieren, multitasking, person, personen, zirkus
🤹️‍♂️ artist, entertainer, geschickt, jongleur, jonglieren, maenner, mann, multitasking, männer, person, personen, unterhalter, zirkus
🤹️‍♀️ frau, frauen, geschickt, jongleurin, jonglieren, multitasking
🧘️ burmesischer sitz, frau, frauen, lotussitz, meditation, person, person im lotossitz, person in lotussitz, personen, schneidersitz, yoga, zen
🧘️‍♂️ mann im lotossitz, meditation, yoga
🧘️‍♀️ frau im lotossitz, meditation, yoga
🛀️ bad, baden, badende person, badewanne, badezimmer, dusche, entspannen
🛌️ bett, dunkel, gute nacht, heia, im bett liegende person, mond, muede, müde, nacht, nachtruhe, schlaf schoen, schlaf schön, schlafen, zzz
🧑️‍🤝‍🧑️ haendchen halten, haende, haende halten, hand, händchen halten, hände, hände halten, mensch, menschen, paar, paerchen, person, personen, pärchen, sich an den haenden haltende personen, sich an den händen haltende personen
👭️ frau, frauen, haendchen halten, haendchen haltende frauen, händchen halten, händchen haltende frauen, paar, paerchen aus frau und frau, pärchen aus frau und frau
👫️ frau, frauen, haendchen halten, händchen halten, maenner, mann, mann und frau halten haende, mann und frau halten hände, männer, paar, paerchen aus frau und mann, pärchen aus frau und mann
👬️ haendchen halten, haendchen haltende maenner, händchen halten, händchen haltende männer, maenner, mann, männer, paar, paerchen aus mann und mann, pärchen aus mann und mann, zwillinge
💏️ frau, frauen, herz, herzen, kuesschen, kuessen, kuessendes paar, kuss, küsschen, küssen, küssendes paar, maenner, mann, männer, sich kuessendes paar, sich küssendes paar
👩️‍❤️‍💋‍👨️ frau, frauen, herz, herzen, kuesschen, kuessen, kuessendes paar, kuss, küsschen, küssen, küssendes paar, maenner, mann, männer, sich kuessendes paar, sich kuessendes paar: frau, mann, sich küssendes paar, sich küssendes paar: frau, mann
👨️‍❤️‍💋‍👨️ frau, frauen, herz, herzen, kuesschen, kuessen, kuessendes paar, kuss, küsschen, küssen, küssendes paar, maenner, mann, männer, sich kuessendes paar, sich kuessendes paar: mann, mann, sich küssendes paar, sich küssendes paar: mann, mann
👩️‍❤️‍💋‍👩️ frau, frauen, herz, herzen, kuesschen, kuessen, kuessendes paar, kuss, küsschen, küssen, küssendes paar, maenner, mann, männer, sich kuessendes paar, sich kuessendes paar: frau, frau, sich küssendes paar, sich küssendes paar: frau, frau
💑️ frau, frauen, herz, herzen, liebe, liebespaar, maenner, mann, männer, paar, romantik, verliebt
👩️‍❤️‍👨️ frau, frauen, herz, herzen, liebe, liebespaar, liebespaar: frau, mann, maenner, mann, männer, paar, romantik, verliebt
👨️‍❤️‍👨️ frau, frauen, herz, herzen, liebe, liebespaar, liebespaar: mann, mann, maenner, mann, männer, paar, romantik, verliebt
👩️‍❤️‍👩️ frau, frauen, herz, herzen, liebe, liebespaar, liebespaar: frau, frau, maenner, mann, männer, paar, romantik, verliebt
👨‍👩‍👦 familie, familie: mann, frau und junge, familien, frau, frauen, junge, kind, kinder, maenner, mann, mutter, männer, vater
👨‍👩‍👧 familie, familie: mann, frau und maedchen, familie: mann, frau und mädchen, familien, frau, frauen, junge, kind, kinder, maedchen, maenner, mann, mutter, mädchen, männer, vater
👨‍👩‍👧‍👦 familie, familie: mann, frau, maedchen und junge, familie: mann, frau, mädchen und junge, familien, frau, frauen, junge, kind, kinder, maedchen, maenner, mann, mutter, mädchen, männer, vater
👨‍👩‍👦‍👦 familie, familie: mann, frau, junge und junge, familien, frau, frauen, junge, kind, kinder, maenner, mann, mutter, männer, vater
👨‍👩‍👧‍👧 familie, familie: mann, frau, maedchen und maedchen, familie: mann, frau, mädchen und mädchen, familien, frau, frauen, junge, kind, kinder, maedchen, maenner, mann, mutter, mädchen, männer, vater
👨‍👨‍👦 familie, familie: mann, mann und junge, familien, junge, kind, kinder, maenner, mann, mutter, männer, vater
👨‍👨‍👧 familie, familie: mann, mann und maedchen, familie: mann, mann und mädchen, familien, junge, kind, kinder, maedchen, maenner, mann, mutter, mädchen, männer, vater
👨‍👨‍👧‍👦 familie, familie: mann, mann, maedchen und junge, familie: mann, mann, mädchen und junge, familien, junge, kind, kinder, maedchen, maenner, mann, mutter, mädchen, männer, vater
👨‍👨‍👦‍👦 familie, familie: mann, mann, junge und junge, familien, junge, kind, kinder, maenner, mann, mutter, männer, vater
👨‍👨‍👧‍👧 familie, familie: mann, mann, maedchen und maedchen, familie: mann, mann, mädchen und mädchen, familien, junge, kind, kinder, maedchen, maenner, mann, mutter, mädchen, männer, vater
👩‍👩‍👦 familie, familie: frau, frau und junge, familien, frau, frauen, junge, kind, kinder, mutter, vater
👩‍👩‍👧 familie, familie: frau, frau und maedchen, familie: frau, frau und mädchen, familien, frau, frauen, junge, kind, kinder, maedchen, mutter, mädchen, vater
👩‍👩‍👧‍👦 familie, familie: frau, frau, maedchen und junge, familie: frau, frau, mädchen und junge, familien, frau, frauen, junge, kind, kinder, maedchen, mutter, mädchen, vater
👩‍👩‍👦‍👦 familie, familie: frau, frau, junge und junge, familien, frau, frauen, junge, kind, kinder, mutter, vater
👩‍👩‍👧‍👧 familie, familie: frau, frau, maedchen und maedchen, familie: frau, frau, mädchen und mädchen, familien, frau, frauen, junge, kind, kinder, maedchen, mutter, mädchen, vater
👨‍👦 familie, familie: mann, junge, familien, junge, kind, kinder, maenner, mann, mutter, männer, vater
👨‍👦‍👦 familie, familie: mann, junge und junge, familien, junge, kind, kinder, maenner, mann, mutter, männer, vater
👨‍👧 familie, familie: mann, maedchen, familie: mann, mädchen, familien, junge, kind, kinder, maedchen, maenner, mann, mutter, mädchen, männer, vater
👨‍👧‍👦 familie, familie: mann, maedchen und junge, familie: mann, mädchen und junge, familien, junge, kind, kinder, maedchen, maenner, mann, mutter, mädchen, männer, vater
👨‍👧‍👧 familie, familie: mann, maedchen und maedchen, familie: mann, mädchen und mädchen, familien, junge, kind, kinder, maedchen, maenner, mann, mutter, mädchen, männer, vater
👩‍👦 familie, familie: frau, junge, familien, frau, frauen, junge, kind, kinder, mutter, vater
👩‍👦‍👦 familie, familie: frau, junge und junge, familien, frau, frauen, junge, kind, kinder, mutter, vater
👩‍👧 familie, familie: frau, maedchen, familie: frau, mädchen, familien, frau, frauen, junge, kind, kinder, maedchen, mutter, mädchen, vater
👩‍👧‍👦 familie, familie: frau, maedchen und junge, familie: frau, mädchen und junge, familien, frau, frauen, junge, kind, kinder, maedchen, mutter, mädchen, vater
👩‍👧‍👧 familie, familie: frau, maedchen und maedchen, familie: frau, mädchen und mädchen, familien, frau, frauen, junge, kind, kinder, maedchen, mutter, mädchen, vater
🗣 gesicht, gesichter, koepfe, kopf, köpfe, silhouette, sprechen, sprechend, sprechende person, sprechender kopf
👤 bueste, büste, person, personen, silhouette einer bueste, silhouette einer büste
👥 buesten, büsten, person, personen, silhouette mehrerer buesten, silhouette mehrerer büsten
🫂 abschied, bitte, dank, danke, druecken, druecker, drücken, drücker, freundschaft, hallo, liebe, romantik, sich umarmende personen, tschuess, tschüss, umarmung, verliebt
👪 familie, familien, junge, kind, kinder, mutter, vater
🧑‍🧑‍🧒 1 kind, familie: 2 erwachsene, familie: 2 erwachsene, 1 kind
🧑‍🧑‍🧒‍🧒 2 kinder, familie: 2 erwachsene, familie: 2 erwachsene, 2 kinder
🧑‍🧒 1 kind, familie: 1 erwachsene(r), familie: 1 erwachsene(r), 1 kind
🧑‍🧒‍🧒 2 kinder, familie: 1 erwachsene(r), familie: 1 erwachsene(r), 2 kinder
👣 abdruck, auf dem weg, fuesse, fuß, fuss, fußabdruck, fussabdruck, fussabdruecke, fußabdrücke, füße
🫆 fingerabdruck, forensik, geschuetzt, geschützt, identitaet, identität, schutz, sicher, sicherheit
️ dunkle hautfarbe, hautfarbe, hauttyp 1–2, hauttyp 3, hauttyp 4, hauttyp 5, hauttyp 6, helle hautfarbe, mitteldunkle hautfarbe, mittelhelle hautfarbe, mittlere hautfarbe
🦰 rote haare, rotes haar, rothaarig, rotschopf
🦱 afro, lockenkopf, lockig, lockiges haar
🦳 grau, graues haar, grauhaarig, weißes haar, weisses haar, weißhaarig, weisshaarig
🦲 chemo, glatze, haarlos, kein haar, rasiert
🐵 affe, affen, affengesicht, banane, bananen, dschungel, gesicht, gesichter, tier, tiere, zoo
🐒 affe, affen, tier, tiere
🦍 affe, affen, gesicht, gesichter, gorilla, tier, tiere
🦧 affe, affen, orang-utan, tier, tiere
🐶 gesicht, gesichter, hund, hunde, hundegesicht, tier, tiere, treu, wau, wuff
🐕 haustier, hund, hunde, tier, tiere, wau, wuff
🦮 barrierefreiheit, behinderung, blind, blindenhund, hund, hunde, sehbehindert, tier, tiere
🐕‍🦺 assistenz, assistenzhund, barrierefreiheit, behinderung, hund, hunde, tier, tiere
🐩 hund, hunde, pudel, tier, tiere
🐺 gesicht, gesichter, tier, tiere, wolf, wolfsgesicht
🦊 fuchs, fuchsgesicht, gesicht, gesichter, tier, tiere
🦝 klug, neugierig, schlau, tier, tiere, waschbaer, waschbär
🐱 gesicht, gesichter, katze, katzen, katzengesicht, miau, miez, miezekatze, tier, tiere
🐈 haustier, katze, katzen, miau, tier, tiere
🐈‍⬛ kater, katze, katzen, miau, pech, schwarz, schwarze katze, schwarzer kater, tier, tiere, unglueck, unglück
🦁 gesicht, gesichter, loewe, loewengesicht, löwe, löwengesicht, sternzeichen, tier, tiere, tierkreis
🐯 gesicht, gesichter, raubkatze, tier, tiere, tiger, tigergesicht
🐅 tier, tiere, tiger
🐆 gepunktet, leopard, punkte, raubkatze, raubtier, tier, tiere, zoo
🐴 gesicht, gesichter, pferd, pferde, pferdegesicht, pferdekopf, tier, tiere
🫎 elch, geweih, saeugetier, säugetier, tier, tiere
🫏 austreten, dickschaedel, dickschädel, dummkopf, esel, maultier, saeugetier, stoerrisch, stur, störrisch, säugetier, tier, tiere
🐎 pferd, pferde, rennen, rennpferd, tier, tiere
🦄 einhorn, einhorngesicht, gesicht, gesichter
🦓 streifen, tier, tiere, zebra
🦌 gesicht, gesichter, hirsch, tier, tiere
🦬 bison, bueffel, büffel, herde, ochse, tier, tiere, wisent
🐮 gesicht, gesichter, kuehe, kuh, kuhgesicht, kühe, tier, tiere
🐂 kuehe, kuh, kühe, ochse, sternzeichen, stier, tier, tiere, tierkreis
🐃 bueffel, büffel, tier, tiere, wasser, wasserbueffel, wasserbüffel
🐄 bauernhof, kuehe, kuh, kühe, muh, tier, tiere
🐷 gesicht, gesichter, schwein, schweine, schweinegesicht, tier, tiere
🐖 bauernhof, sau, schwein, schweine, tier, tiere
🐗 eber, schwein, schweine, tier, tiere, wildschwein
🐽 nase, nasen, schwein, schweine, schweineruessel, schweinerüssel, tier, tiere
🐏 schaf, sternzeichen, tierkreis, widder
🐑 bock, maeh, mäh, schaf, tier, tiere, widder, wolle
🐐 steinbock, sternzeichen, tier, tiere, tierkreis, ziege
🐪 dromedar, einhoeckrig, einhöckrig, kamel, tier, tiere, wueste, wüste
🐫 kamel, tier, tiere, wueste, wüste, zweihoeckrig, zweihöckrig
🦙 alpaca, alpaka, anden, kamel, lama, tier, tiere, vicuña, wolle
🦒 flecken, giraffe, tier, tiere
🐘 elefant, tier, tiere
🦣 aussterben, groß, gross, mammut, natur, stoßzahn, stosszahn, tier, tiere, wollig
🦏 nashorn, rhinozeros, tier, tiere
🦛 flusspferd, hippo, nilpferd, tier, tiere
🐭 gesicht, gesichter, maeuse, maeusegesicht, maus, mausgesicht, mäuse, mäusegesicht, nagetier, tier, tiere
🐁 maeuse, maus, mäuse, nage, tier, tiere
🐀 nagetier, ratte, tier, tiere
🐹 gesicht, gesichter, hamster, hamstergesicht, tier, tiere
🐰 gesicht, gesichter, hase, hasen, hasengesicht, kaninchen, karnickel, langohr, muemmelmann, mümmelmann, nager, nagetier, tier, tiere
🐇 hase, hasen, kaninchen, karnickel, muemmelmann, mümmelmann, nagetier, tier, tiere
🐿 streifenhoernchen, streifenhörnchen, tier, tiere
🦫 biber, biberschwanz, biberzahn, damm, natur, otter, tier, tiere
🦔 igel, stachelig, stacheln, tier, tiere
🦇 fledermaus, tier, tiere, vampir
🐻 baer, baeren, baerengesicht, bär, bären, bärengesicht, gesicht, gesichter, tier, tiere
🐻‍❄️ arktis, eisbaer, eisbär, nordpol, weiß, weiss
🐨 koala, koalabaer, koalabär, koalagesicht, tier, tiere
🐼 gesicht, gesichter, panda, pandabaer, pandabär, pandagesicht, tier, tiere
🦥 faul, faultier, langsam, tier, tiere, traege, träge
🦦 fischen, otter, tier, tiere, verspielt
🦨 skunk, stinken, stinktier, tier, tiere
🦘 australien, beuteltier, down under, huepfen, hüpfen, kaenguru, känguru, quokka, skippy, springen, tier, tiere, wallaby
🦡 dachs, dachse, frechdachs, honigdachs, ratel, tier, tiere
🐾 abdruck, tatzen, tatzenabdruecke, tatzenabdrücke, tier, tiere
🦃 gefluegel, geflügel, pute, thanksgiving, truthahn
🐔 gefluegel, geflügel, henne, huhn, tier, tiere, tierkopf
🐓 hahn, tier, tiere
🐣 ei, kueken, kueken in eierschale, küken, küken in eierschale, piep, schluepfen, schluepfendes kueken, schlüpfen, schlüpfendes küken, tier, tiere, voegel, vogel, vögel
🐤 kueken, kuekenkopf, küken, kükenkopf, tier, tiere
🐥 gefluegel, geflügel, kueken, kueken in frontansicht, kueken von vorne, küken, küken in frontansicht, küken von vorne, tier, tiere
🐦 papagei, taube, tier, tiere, voegel, vogel, vogelkopf, vögel
🐧 linux, pinguin, pinguinkopf, tier, tiere, tux, voegel, vogel, vögel
🕊 fliegen, friede, frieden, friedenstaube, taube, voegel, vogel, vögel
🦅 adler, tier, tiere, voegel, vogel, vögel
🦆 ente, tier, tiere, voegel, vogel, vögel
🦢 haessliches entlein, hässliches entlein, schwan, tier, tiere, voegel, vogel, vögel
🦉 eule, raubvogel, tier, tiere, uhu, voegel, vogel, vögel, weise
🦤 aussterben, dodo, dronte, groß, gross, mauritius, natur, tier, tiere, voegel, vogel, vögel
🪶 feder, federleicht, federn, fliegen, gefieder, leicht, vogelfeder
🦩 bunt, farbenfroh, flamingo, rosa, tier, tiere, tropen, tropisch, voegel, vogel, vögel
🦚 bunt, pfau, stolz, stolzieren, tier, tiere, voegel, vogel, vögel
🦜 ausplaudern, papagei, pirat, plappern, sprechen, tier, tiere, voegel, vogel, vögel, wiederholen
🪽 engel, engelsfluegel, engelsflügel, federn, fliegen, flieger, fluegel, flug, flugzeug, flügel, himmlisch, mythologie, voegel, vogel, vögel
🐦‍⬛ amsel, kraechzen, kraehe, krächzen, krähe, rabe, schnabel, schwarz, schwarzer vogel, tier, tiere, voegel, vogel, vögel
🪿 bloed, blöd, dumm, dumme gans, gaenserich, gans, ganter, gefluegel, geflügel, gänserich, schnattern, tier, tiere, voegel, vogel, vögel
🐦‍🔥 asche, fabelwesen, fantasy, feuer, feuervogel, flamme, flammen, heiß, heiss, phoenix, phönix, reinkarnation, tier, tiere, voegel, vogel, vögel, wiedergeburt
🐸 frosch, froschgesicht, gesicht, gesichter, gruen, grün, quak, tier, tiere
🐊 krokodil, reptil, schnappi, tier, tiere
🐢 schildkroete, schildkröte, tier, tiere
🦎 eidechse, reptil
🐍 schlange, schlangentraeger, schlangenträger, sternzeichen, tier, tiere, tierkreis
🐲 drache, drachengesicht, gesicht, gesichter, maerchen, märchen, tier, tiere
🐉 chinesisch neujahr, drache, maerchen, märchen, tier, tiere
🦕 brachiosaurus, brontosaurus, dino, dinosaurier, diplodocus, saurier, sauropod, sauropode, tier, tiere
🦖 dino, dinosaurier, saurier, t-rex, tree, tyrannosaurus rex
🐳 blasender wal, meer, ozean, tier, tiere, wal
🐋 ozean, tier, tiere, wal
🐬 delfin, meer, ozean, strand, tier, tiere
🦭 meer, ozean, robbe, seehund, seeloewe, seelöwe, tier, tiere
🐟 aquarium, fisch, fische, meehr, sternzeichen, tier, tiere, tierkreis
🐠 fisch, fische, tier, tiere, tropenfisch
🐡 fisch, fische, kugelfisch, kugelrund, meer, tier, tiere
🦈 fisch, fische, hai, haifisch, meer, tier, tiere
🐙 krake, meer, oktopus, tier, tiere, tintenfisch
🐚 muschel, schneckenhaus, strand, tier, tiere
🪸 great barrier reef, klimawandel, koralle, korallenriff, meer, ozean, riff, tier, tiere
🪼 autsch, brennen, gallert, glibber, meer, meeresbewohner, meerestier, nesseltier, ozean, qualle, tentakeln
🦀 krabbe, krebs, meer, sternzeichen, strand, tierkreis
🦞 hummer, lobster, meeresfrucht, meeresfruechte, meeresfrüchte, meerestier, scheren, tier, tiere
🦐 garnele, gourmet, krustentier, meeresfrucht, shrimp
🦑 kalmar, tier, tiere, tintenfisch
🦪 auster, meer, muschel, perle, tauchen, tier, tiere
🐌 langsam, schnecke, tier, tiere
🦋 insekt, schmetterling, schoen, schön
🐛 gefraessig, gefräßig, insekt, raupe, tier, tiere
🐜 ameise, insekt, tier, tiere
🐝 biene, honig, honigbiene, hummel, insekt, maja, natur, summ, tier, tiere
🪲 insekt, kaefer, krabbeltier, käfer, minzkaefer, minzkäfer, tier, tiere, wanze
🐞 glueckskaefer, glückskäfer, insekt, kaefer, krabbel, käfer, marienkaefer, marienkäfer, punkte, tier, tiere
🦗 grashuepfer, grashüpfer, grille, heuschrecke, insekt, tier, tiere, zikade
🪳 insekt, kaefer, kakerlake, krabbeln, krabbeltier, kuechenschabe, käfer, küchenschabe, la cucaracha, schabe, tier, tiere
🕷 insekt, spinne, tier, tiere
🕸 netz, spinne, spinnennetz
🦂 horoskop, skorpion, sternzeichen, tierkreis
🦟 biss, fieber, insekt, insektenbiss, insektenstich, krankheit, malaria, moskito, muecke, mücke, schnake, stechmuecke, stechmücke, stich, tier, tiere, virus
🪰 fliege, fliegen, insekt, krankheit, made, muecke, mücke, plage, schmeißfliege, schmeissfliege, tier, tiere, verwesen
🪱 insekt, natur, parasit, regenwurm, ringelwurm, tier, tiere, wurm
🦠 amoebe, amoeben, amöbe, amöben, bakterie, bakterien, einzeller, medizin, mikrobe, virus, wissenschaft
💐 blume, blumen, blumenstrauß, blumenstrauss, bouquet
🌸 bluete, blume, blumen, blüte, kirschbluete, kirschblüte, kirsche, pflanze
💮 blume, blumen, blumenstempel
🪷 blume, blumen, buddhismus, erleuchtung, gleichmut, hinduismus, liebe, lotosblume, lotusbluete, lotusblüte, pflanze, reinheit, romantik, ruhe, schoenheit, schönheit, verliebt
🏵 pflanze, rosette
🌹 bluete, blume, blumen, blüte, pflanze, rose
🥀 am sterben, blume, blumen, sterbend, verwelkt, welk, welke blume, welkende blume
🌺 bluete, blume, blumen, blüte, hibiskus, pflanze, rosa
🌻 bluete, blume, blumen, blüte, hell, pflanze, sonne, sonnenblume, sonnig
🌼 bluete, blume, blumen, blüte, gelbe bluete, gelbe blüte, pflanze
🌷 bluete, blume, blumen, blüte, pflanze, tulpe
🪻 blaue wiesenlupine, bluehen, bluete, blume, blumen, blühen, blüte, fruehling, frühling, hyazinthe, lavendel, lila, loewenmaul, lupine, löwenmaul, pflanze, violett
🌱 junge pflanze, spross
🪴 dekor, gruenpflanze, grünpflanze, haeuser, haus, heim, häuser, pflanze, pflegen, topfpflanze, wachsen, zimmerpflanze, zuhause
🌲 baeume, baum, bäume, nadelbaum, pflanze, tannenbaum
🌳 baeume, baum, blaetter, blatt, blätter, bäume, gruen, grün, laub, laubbaum, pflanze, wald
🌴 baeume, baum, bäume, kokusnuss, oase, palme, pflanze, strand, tropen
🌵 duerre, dürre, kaktus, natur, pflanze, trockenzeit, wueste, wüste
🌾 aehre, pflanze, reis, reisaehre, reispflanze, reisähre, ähre
🌿 blaetter, blatt, blätter, kraeuter, kräuter, pflanze
☘ gruen, grün, kleeblatt, pflanze
🍀 blaetter, blatt, blätter, glueck, gluecksklee, glück, glücksklee, klee, kleeblatt, pflanze, silverster, vier, vierblaettrig, vierblaettriges kleeblatt, vierblättrig, vierblättriges kleeblatt
🍁 ahorn, ahornblatt, blaetter, blatt, blätter, herbst, laub, pflanze
🍂 blaetter, blatt, blätter, fallendes laub, herbst, laub, pflanze
🍃 blaetter, blaetter im wind, blatt, blätter, blätter im wind, laub, pflanze, wind
🪹 haus, heim, leeres nest, nest, nestbau, nisten, vogelnest, zuhause
🪺 haus, heim, nest, nest mit blauen eiern, nest mit eiern, nestbau, nisten, vogelnest, zuhause
🍄 fliegenpilz, giftig, pilz, pilze
🪾 duerr, dürr, kahl, kahler baum, karg, trocken, winter
🍇 frucht, obst, traube, trauben, wein
🍈 cantaloupe, frucht, honigmelone, melone, obst
🍉 frucht, melone, obst, wasser, wassermelone
🍊 apfelsine, frucht, mandarine, obst, orange, vitamin
🍋 aerger, frucht, obst, sauer, wuetend, wütend, zitrone, zitrusfrucht, zornig, ärger
🍋‍🟩 aerger, cocktail, essen, frucht, limette, obst, saft, sauer, speisen, tequila, tropisch, wuetend, wütend, zitrusfrucht, zornig, ärger
🍌 banane, bananen, frucht, obst, schale
🍍 ananas, frucht, obst
🥭 essen, frucht, fruechte, früchte, mango, obst, shaker, speisen, tropisch
🍎 aepfel, apfel, frucht, obst, rot, roter apfel, äpfel
🍏 aepfel, apfel, frucht, gesund, gruen, gruener apfel, grün, grüner apfel, obst, äpfel
🍐 birne, birnen, frucht, obst
🍑 frucht, obst, pfirsich
🍒 frucht, kirsche, kirschen, obst
🍓 beere, erdbeere, essen, frucht, obst, speisen
🫐 beere, blau, blaubeere, blaubeeren, essen, frucht, heidelbeere, heidelbeeren, lebensmittel, nahrung, obst, speisen
🥝 frucht, kiwi, obst
🍅 essen, gemuese, gemüse, obst, speisen, tomate
🫒 essen, gruen, grün, lebensmittel, nahrung, olive, olivenoel, olivenzweig, olivenöl, speisen, zweig
🥥 colada, essen, frucht, kokosnuss, palme, piña, speisen
🥑 avocado, essen, frucht, speisen
🍆 aubergine, gemuese, gemüse
🥔 essen, gemuese, gemüse, kartoffel, speisen
🥕 gemuese, gemüse, karotte, moehre, mohrruebe, mohrrübe, möhre
🌽 gemuese, gemüse, mais, maiskolben
🌶 chili, paprika, peperoni, pfeffer, pflanze, scharf
🫑 essen, gemuese, gemuesepaprika, gemüse, gemüsepaprika, gruen, grün, lebensmittel, nahrung, paprika, peperoni, speisen
🥒 essen, gemuese, gemüse, gurke, scheiben, speisen
🥬 blattgemuese, blattgemüse, blattgruen, blattgrün, essen, gemuese, gemüse, gruenkohl, gruenzeug, grünkohl, grünzeug, kohl, kraut, mangold, pak choi, pok choi, salat, salatblatt, speisen, spinat
🥦 broccoli, brokkoli, essen, gemuese, gemuesekohl, gemüse, gemüsekohl, kohl, speisen
🧄 essen, geschmack, knoblauch, lebensmittel, nahrung, speisen, wuerze, würze, zutat
🧅 essen, geschmack, gewuerz, gewürz, lebensmittel, nahrung, speisen, wuerze, würze, zwiebel
🥜 erdnuss, essen, speisen
🫘 bohne, bohnen, essen, gemuese, gemüse, huelsenfrucht, hülsenfrucht, kidney-bohne, kidneybohne, lebensmittel, speisen
🌰 kastanie, marone
🫚 gesund, gewuerz, gewürz, ginger ale, ingwer, ingwerbier, scharf, wuerzig, wurzel, würzig
🫛 bohne, edamame, erbse, erbsen, erbsenschote, essen, gemuese, gemüse, huelsenfrucht, huelsenfruechte, hülsenfrucht, hülsenfrüchte, schote, speisen
🍄‍🟫 braun, brauner pilz, essen, fungus, gemuese, gemüse, lebensmittel, natur, pflanze, pilz, pilze, speisen, wald
🫜 bete, garten, gemuese, gemüse, rote bete, ruebe, rübe, wurzel, wurzelgemuese, wurzelgemüse
🍞 brot, brote, brotlaib, essen, kohlenhydrate, laib brot, speisen, toast, weißbrot, weissbrot, weizen
🥐 corissant, croissant, franzoesisch, französisch, fruehstueck, fruehstueckshoernchen, frühstück, frühstückshörnchen
🥖 baguette, brot, brote, franzoesisch, französisch, fruehstueck, frühstück
🫓 arepa, brot, brote, essen, fladenbrot, lavasch, lebensmittel, naan, nahrung, pita, speisen
🥨 brezel, brezen, brezn, essen, gedreht, oktoberfest, speisen
🥯 backwaren, baeckerei, bagel, broetchen, brötchen, bäckerei, essen, fruehstueck, frühstück, pausenbrot, speisen
🥞 crepe, eierpfannkuchen, essen, pfannkuchen, speisen
🧇 essen, lebensmittel, nahrung, speisen, waffel, waffel mit butter
🧀 kaese, kaesestueck, käse, käsestück
🍖 fleisch, fleischhachse, knochen, restaurant
🍗 fleisch, gefluegel, geflügel, haehnchenschenkel, huehnerbein, hähnchenschenkel, hühnerbein, restaurant
🥩 essen, fleisch, fleischstueck, fleischstück, kotelett, lammkotelett, rot, schnitzel, schweinekotelett, speisen, steak
🥓 bacon, essen, fruehstuecksspeck, frühstücksspeck, speck, speckstreifen, speisen
🍔 burger, fast food, hamburger, restaurant
🍟 fritten, pommes, pommes frites
🍕 pizza, pizzastueck, pizzastück, pizzen, pizzeria
🌭 essen, frankfurter, hot dog, hotdog, speisen, wuerstchen, wurst, würstchen
🥪 brot, brote, essen, sandwich, speisen
🌮 essen, mexikanisch, speisen, taco
🌯 burrito, essen, mexikanisch, speisen
🫔 burrito, eingewickelt, essen, lebensmittel, mexikanisch, speisen, streetfood, tamale, wrap
🥙 doener, doener kebab, döner, döner kebab, falafel, wrap
🧆 baellchen, bällchen, essen, falafel, fleischbaellchen, fleischbällchen, kichererbsen, lebensmittel, nahrung, speisen
🥚 ei, fruehstueck, fruehstuecksei, frühstück, frühstücksei
🍳 braten, bratpfanne, kochen, pfanne, spiegelei, spiegelei in bratpfanne
🥘 essen, paella, pfannengericht, reispfanne, speisen
🍲 eintopf, gericht, schuessel, schüssel, suppe, topf mit essen
🫕 essen, fondue, geschmolzen, kaese, käse, schokolade, schweizerisch, speisen, topf
🥣 brei, cerealien, essen, fruehstueck, frühstück, haferbrei, reisbrei, schuessel, schuessel mit loeffel, schüssel, schüssel mit löffel, speisen, suppe
🥗 blattgemuese, blattgemüse, essen, gesund, gruen, grün, salat, speisen
🍿 kino, popcorn, snack
🧈 butter, essen, lebensmittel, milchprodukt, nahrung, speisen
🧂 gesalzen, geschmack, gewuerz, gewürz, salz, salzig, salzstreuer, wuerze, würze, zutat
🥫 buechse, büchse, dose, essen, konserve, speisen
🍱 bento, bento-box, japanisches essen, sushi
🍘 cracker, reiscracker
🍙 essen, japanisch, reis, reisbaellchen, reisbällchen, speisen
🍚 essen, reis, reis in schuessel, reis in schüssel, speisen
🍛 curry, reis, reis mit curry
🍜 chinesisches essen, dampfend, eiernudeln, nudeln, schuessel, schuessel und essstaebchen, schüssel, schüssel und essstäbchen, staebchen, stäbchen, suppe
🍝 essse, nudeln mit tomatensoße, nudeln mit tomatensosse, pasta, restaurant, spaghetti
🍠 essen, gemuese, gemüse, geroestet, geroestete suesskartoffel, geröstet, geröstete süßkartoffel, speisen, suesskartoffel, süßkartoffel
🍢 japanisches gericht, oden, restaurant
🍣 japanisches gericht, restaurant, sushi
🍤 frittierte garnele, garnele, restaurant, tempura
🍥 fisch, fische, fischfrikadelle, restaurant, spirale
🥮 essen, feier, feiern, fest, festival, herbst, kuchen, mondfest, mondkuchen, party, pinyin, speisen, yuebing
🍡 dango, japanisches gericht, mochi-kugeln auf einem spieß, mochi-kugeln auf einem spiess, restaurant
🥟 chinesische teigtasche, dumpling, empanada, essen, gyōza, jiaozi, kloß, kloss, pierogi, potsticker, speisen, teigtasche
🥠 essen, glueckskeks, glückskeks, prophezeiung, speisen
🥡 chinesisches essen, essen, speisen, staebchen, stäbchen, takeaway-box, takeaway-schachtel
🍦 eis, softeis
🍧 eis, sorbet, wassereis, zerstoßen, zerstossen
🍨 eis, eisbecher, eiscreme, eisdiele
🍩 donut, doughnut, essen, kuchen, speisen, suess, süß
🍪 cookie, keks, plaetchen, plätchen
🎂 essen, feier, feiern, fest, froehlich, froh, fröhlich, geburtstag, geburtstagskuchen, geburtstagstorte, gluecklich, glücklich, happy, happy birthday, kerzen, kuchen, lebensmittel, party, speisen, torte
🍰 kuchen, kuchenstueck, kuchenstück, stueck torte, stück torte, torte, tortenstueck, tortenstück
🧁 baeckerei, bäckerei, cupcake, dessert, essen, gebaeck, gebäck, kalorienbombe, konditorei, muffin, nachspeise, speisen, streusel, suess, süß, zucker
🥧 essen, fuellung, füllung, gebaeck, gebäck, kuchen, pastete, speisen, torte
🍫 essen, schokolade, schokoladentafel, speisen, suessigkeit, süßigkeit
🍬 bonbon, suess, suessigkeit, süß, süßigkeit
🍭 lolli, lutscher, suessigkeit, süßigkeit
🍮 dessert, flan, nachspeise, nachtisch, pudding, schokolade, soße, sosse
🍯 honig, honigtopf, suess, süß
🍼 baby, babyflasche, babys, flaeschchen, flasche, flaschen, fläschchen, kind, kinder, milch, trinken
🥛 getraenk, getraenke, getränk, getränke, glaeser, glas, glas milch, gläser, milch, trinken
☕ cafe, dampfend, feuer, flamme, getraenk, getraenke, getränk, getränke, heiß, heiss, heissgetraenk, heißgetränk, kaffee, tasse, tassen, tee, trinken
🫖 getraenk, getraenke, getränk, getränke, kanne, lebensmittel, tee, tee bruehen, tee brühen, teekanne, teekrug, trinken
🍵 getraenk, getraenke, getränk, getränke, gruener tee, grüner tee, oolong, schale, tee, teetasse, teetasse ohne henkel
🍶 flasche, flaschen, getraenk, getraenke, getränk, getränke, sake, sake-flasche mit tasse, sake-flasche und -tasse, tasse, tassen, trinken
🍾 champagner, flasche, flasche mit knallendem korken, flaschen, getraenk, getraenke, getränk, getränke, knallen, korken, sekt, trinken
🍷 alkohol, bar, glaeser, glas, gläser, wein, weinglas
🍸 bar, cocktail, cocktailglas, drink, martini
🍹 bar, cocktail, exotisches getraenk, exotisches getränk
🍺 bar, bier, bierkrug, krug, oktoberfest, prost, weizenbier
🍻 anstoßen, anstossen, bier, bierkruege, bierkrüge, oktoberfest, prosit, prost, weizen
🥂 anstoßen, anstossen, feier, feiern, fest, getraenk, getraenke, getränk, getränke, glaeser, glas, gläser, party, prost, sekt, sektglaeser, sektgläser
🥃 bar, schnaps, trinkglas, whiskey
🫗 ausgießen, ausgiessen, ausleeren, fluessigkeit ausgiessen, flüssigkeit ausgießen, getraenk, getraenke, getränk, getränke, gießen, giessen, glaeser, glas, gläser, leer, missgeschick, tropfende fluessigkeit, tropfende flüssigkeit, verschuetten, verschütten
🥤 becher, becher mit strohhalm, brause, erfrischung, saft, selters, soda, strohhalm, trinken, trinkhalm, wasser
🧋 blase, bubble tea, essen, getraenk, getraenke, getränk, getränke, lebensmittel, milch, perle, speisen, taiwan, tee
🧃 fruchtsaft, getraenk, getraenke, getränk, getränke, obstsaft, saft, saftpackung, trinkpaeckchen, trinkpäckchen
🧉 getraenk, getraenke, getränk, getränke, mate-tee, tee
🧊 eisberg, eiswuerfel, eiswürfel, gefroren, kalt, kuehlen, kühlen, schnee, schneien, wuerfel, würfel
🥢 chinesisches essen, essen, essstaebchen, essstäbchen, hashi, japanisches essen, speisen, staebchen, stäbchen
🍽 gabel, gabeln, geschirr, kochen, messer, teller, teller mit messer und gabel
🍴 abendessen, besteck, essen, fruehstueck, frühstück, gabel, gabel und messer, gabeln, geschirr, hunger, lecker, messer, messer und gabel, mittagessen, restaurant, speisen
🥄 besteck, loeffel, löffel
🔪 kuechenmesser, küchenmesser, messer, schneiden
🫙 einmachglas, einweckglas, essen, gewuerzglas, gewürzglas, leer, leerer behaelter, leerer behälter, leeres einweckglas, leeres glas, marmeladeglas, schraubglas, speisen
🏺 amphore, gefaess, gefäß, kochen, krug, sternzeichen, tierkreis, trinken, vase, wassermann
🌍 afrika, erde, europa, globus mit europa und afrika, weltkugel
🌎 erde, globus, globus mit amerika, nordamerika, suedamerika, südamerika, weltkugel
🌏 asien, australien, erde, globus, globus mit asien und australien, weltkugel
🌐 breitengrad, globus mit meridianen, laengengrad, längengrad
🗺 karte, landkarte, reisen, welt, weltkarte
🗾 japan, karte, umriss von japan
🧭 himmelsrichtung, kompass, magnetisch, navigation, orientierung, richtung, windrose
🏔 berg, berge, gebirge, kalt, schnee, schneebedeckter berg, schneien
⛰ berg, berge, gebirge
🌋 ausbruch, berg, berge, lava, vulkan, vulkanausbruch, wetter
🗻 berg, berge, fuji, vulkan
🏕 campen, camping, zelt, zelten
🏖 meer, sonnenschirm, strand, strand mit sonnenschirm
🏜 feuer, flamme, heiß, heiss, wueste, wüste
🏝 einsam, einsame insel, insel, inseln, meer, palme, strand, verlassen
🏞 berg, berge, fluss, nationalpark, natur, park, schutzgebiet
🏟 arena, stadion
🏛 antik, antikes gebaeude, antikes gebäude, gebaeude, gebäude, klassizistisch
🏗 bau, bauen, kran
🧱 bauen, grenze, klinker, mauer, mauerwerk, moertel, mörtel, wand, ziegel, ziegelstein, ziegelsteine, zugemauert
🪨 felsen, felsig, hart, natur, schwer, stein, steinig
🪵 baumstamm, feuerholz, holz, holzig, holzscheite, lagerfeuer
🛖 behausung, gebaeude, gebäude, geschuetzt, geschützt, haeuser, haus, heim, huette, häuser, hütte, jurte, objekt, rundhaus, schutz, sicher, sicherheit, zuhause
🏘 dorf, gebaeude, gebäude, haeuser, haus, heim, häuser, wohnhaeuser, wohnhaus, wohnhäuser, wohnsiedlung, zuhause
🏚 gebaeude, gebäude, haeuser, haus, heim, heruntergekommen, häuser, verfallen, verfallenes haus, verlassen, verlassenes haus, zuhause
🏠 gebaeude, gebäude, haeuser, haus, heim, häuser, zuhause
🏡 baeume, baum, bäume, haeuser, haus, haus mit baum, haus mit garten, heim, häuser, zuhause
🏢 buerogebaeude, bürogebäude, hochhaus
🏣 brief, e-mail, email, japan, japanisches postgebaeude, japanisches postgebäude, mail, post
🏤 brief, e-mail, email, europa, europaeisches postgebaeude, europäisches postgebäude, mail, post, postgebaeude, postgebäude
🏥 ambulanz, arzt, gebaeude, gebäude, krank, krankenhaus, medizin, notaufnahme
🏦 bank, bezahlen, dollar, eur, euro, finanzen, gebaeude, gebäude, geld, usd, zahlung
🏨 gebaeude, gebäude, hotel, uebernachten, unterkunft, übernachten
🏩 gebaeude, gebäude, hotel, liebe, romantik, stundenhotel, unterkunft, verliebt
🏪 einkaufen, gebaeude, gebäude, geschaeft, geschäft, lebensmittel, minimarkt
🏫 gebaeude, gebäude, schule, schulgebaeude, schulgebäude
🏬 einkaufen, gebaeude, gebäude, geschaeft, geschäft, kaufhaus, shoppen
🏭 fabrik, fabrikgebaeude, fabrikgebäude, gebaeude, gebäude
🏯 bauwerk, gebaeude, gebäude, japan, japanisch, japanisches schloss, schloesser, schloss, schlösser
🏰 bauwerk, burg, europa, europaeisch, europäisch, gebaeude, gebäude, maerchen, maerchenschloss, märchen, märchenschloss, schloesser, schloss, schlösser
💒 herz, herzen, hochzeit, kirche
🗼 fernsehturm, tokio, tokyo tower
🗽 amerika, freiheit, freiheitsstatue
⛪ christ, christentum, christlich, gebaeude, gebäude, kirche, kreuz, religion
🕌 islam, moschee, moslem, muslim, religion
🛕 gebaeude, gebäude, hindu, hindutempel, tempel
🕍 jude, juedisch, jüdisch, religion, synagoge, tempel
⛩ religion, schrein, shinto, shinto-schrein
🕋 hajj, islam, kaaba, moslem, muslim, religion
⛲ brunnen, garten, park, springbrunnen
⛺ camping, campingurlaub, zelt, zeltplatz
🌁 nebel, neblig, wetter
🌃 city, dunkel, hochhaeuser, hochhäuser, mond, nacht, skyline, stadt, staedte, stern, sterne, sternenhimmel, städte
🏙 gebaeude, gebäude, großstadt, grossstadt, haeuser, haus, heim, hochhaeuser, hochhäuser, häuser, skyline, stadt, staedte, städte, wolkenkratzer, zuhause
🌄 berg, berge, sonnenaufgang, sonnenaufgang ueber bergen, sonnenaufgang über bergen
🌅 meer, sonnenaufgang, sonnenaufgang ueber dem meer, sonnenaufgang über dem meer
🌆 abendstimmung in der stadt, hochhaeuser, hochhäuser, new york, skyline, sonnenaufgang, sonnenuntergang, wolkenkratzer
🌇 großstadt, grossstadt, hochhaeuser, hochhäuser, morgenrot, sonnenaufgang, sonnenuntergang, sonnenuntergang in der stadt, wolkenkratzer
🌉 bruecke, bruecke vor nachthimmel, bruecken, brücke, brücke vor nachthimmel, brücken, dunkel, golden gate, mond, nacht, nachts
♨ dampf, dampfend, feuer, flamme, heiß, heiss, heiße quelle, heisse quelle, heiße quellen, heisse quellen, quelle, quellen
🎠 karussell, karussellpferd, pferd, pferde, reiten
🛝 rutschbahn, rutsche, spielen, spielplatz, spielplatzrutsche, vergnuegungspark, vergnügungspark
🎡 bike, fahrrad, freizeitpark, rad, riesenrad, volksfest
🎢 achterbahn, freizeitpark, volksfest
💈 barbershop-saeule, barbershop-säule, friseur, herrenfriseur, saeule, säule
🎪 unterhaltung, zelt, zirkus, zirkuszelt
🚂 bahn, dampf, dampflok, dampflokomotive, fahrzeug, lokomotive, schiene, zuege, zug, züge
🚃 auto, eisenbahnwagen, fahrzeug, pkw, straßenbahn, strassenbahn, straßenbahnwagen, strassenbahnwagen, tram, wagen, waggon, wagon, zuege, zug, züge
🚄 hochgeschwindigkeitszug mit spitzer nase, ice, shinkansen, tgv, zuege, zug, züge
🚅 bahn, hochgeschwindigkeitszug, japan, shinkansen, zuege, zug, züge
🚆 bahn, eisenbahn, ice, zuege, zug, züge
🚇 metro, u-bahn
🚈 bahn, ice, monorail, s-bahn, zuege, zug, züge
🚉 bahn, bahnhof, zuege, zug, züge
🚊 straßenbahn, strassenbahn, tram, verkehrsmittel
🚝 bahn, einschienenbahn, magnetschwebebahn, monorail
🚞 bahn, bergbahn, bimmelbahn, zuege, zug, züge
🚋 straßenbahn, strassenbahn, straßenbahnwagen, strassenbahnwagen, tram, tramwagen, transport, verkehrsmittel, waggon
🚌 bus, busse, fahrzeug, schulbus
🚍 bus, bus von vorne, busse, verkehrsmittel, vorderansicht bus
🚎 oberleitungsbus, straßenbahn, strassenbahn, trolleybus
🚐 bus, busse, fahrzeug, kleinbus
🚑 ambulanz, krankenwagen, notfall
🚒 brand, feuerwehrauto, loeschfahrzeug, löschfahrzeug
🚓 polizei, polizeiwagen, streifenwagen
🚔 polizei, polizeiwagen von vorne, streifenwagen, vorderansicht polizeiwagen
🚕 auto, autos, fahrzeug, pkw, taxi, wagen
🚖 auto, autos, fahren, gelb, pkw, taxi, taxi von vorne, vorderansicht taxi, wagen
🚗 auto, autos, fahren, fahrzeug, pkw, rot, verkehr, wagen
🚘 auto, auto von vorne, automobil, autos, fahrzeug, pkw, rot, vorderansicht auto, wagen
🚙 auto, autos, blau, fahren, pkw, verreisen, wagen, wohnmobil
🛻 auto, autos, fahren, fahrzeug, laster, lastwagen, lieferwagen, lkw, pick-up, pkw, transport, wagen
🚚 lastwagen, lieferwagen, lkw
🚛 lastwagen, lkw, sattelzug, umziehen, ziehen um
🚜 bauernhof, landwirtschaft, traktor, trecker
🏎 autorennen, rennauto
🏍 moped, motorrad, motorrennen
🛵 motoroller, motorroller, roller, vespa
🦽 barrierefreiheit, behinderung, manueller rollstuhl, rollstuhl
🦼 barrierefreiheit, behinderung, elektrischer rollstuhl, rollstuhl
🛺 autorikscha, fahrzeug, tuk-tuk
🚲 bike, bmx, fahrrad, fahrraeder, fahrräder, rad, radeln, radler, spinning
🛴 roller, tretroller
🛹 board, brett, raeder, räder, skateboard, skateboard fahren, skaten, skater
🛼 rollen, rollerskate, rollschuh, rollschuh laufen, schuh, sport, sportarten
🚏 bus, bushaltestelle, busse, haltestelle
🛣 autobahn, schnellstraße, schnellstrasse
🛤 bahn, bahngleis, gleise, schienen
🛢 fass, oel, oelfass, öl, ölfass
⛽ benzin, tanke, tanken, tanksaeule, tankstelle, tanksäule
🛞 autorad, autoreifen, bike, drehen, fahrrad, rad, reifen, reifen mit felgen, rotieren
🚨 polizei, polizeilicht, sirene
🚥 ampel, horizontale verkehrsampel, verkehrsampel, vertikal
🚦 ampel, horizontal, verkehrsampel, vertikale verkehrsampel
🛑 achteckig, schild, stopp, stoppschild
🚧 baustelle, baustellenabsperrung, baustellenschild, schild
⚓ anker, hafen, meer
🛟 geschuetzt, geschützt, leben retten, lebensretter, retten, rettung, rettungsring, schutz, schwimmring, sicher, sicherheit
⛵ boot, boote, segelboot
🛶 boot, boote, kanu, wassersport
🚤 boot, boote, luxus, schnellboot, see, sommer, wasser, yacht
🛳 aida, passagierschiff, rundreise, schiff, schiffe, seereise, traumschiff
⛴ faehre, fähre, schiff, schiffe
🛥 boot, boote, motorboot, schiff, schiffe
🚢 dampfer, kreuzfahrtschiff, schiff, schiffe, traumschiff
✈ flieger, flug, flugzeug, flugzeuge
🛩 flieger, flug, flugzeug, flugzeuge, klein, kleines flugzeug, privatjet
🛫 abflug, fliegen, flieger, flug, flughafen, flugzeug, flugzeuge, start, start eines flugzeugs
🛬 ankunft, flieger, flug, flughafen, flugzeug, flugzeuge, landen, landung, landung eines flugzeugs
🪂 fallschirm, fallschirmspringen, paragliding, skydiving, sport, sportarten
💺 bus, busse, flieger, flug, flugzeug, flugzeuge, sitz, sitzplatz, zuege, zug, züge
🚁 fliegen, helikopter, hubschrauber, reisen
🚟 haengebahn, hängebahn, schwebebahn
🚠 bergschwebebahn, schwebebahn
🚡 bergseilbahn, gondel, seilbahn
🛰 rakete, satellit, space, sputnik, weltraum
🚀 all, rakete, space, weltraum
🛸 alien, außerirdisch, ausserirdisch, fliegende untertasse, ufo
🛎 klingel, rezeptionsklingel
🧳 ballast, gepaeck, gepäck, hartschalenkoffer, koffer, reise, trolley-tasche
⌛ prozess, sanduhr, uhr, vorgang laeuft, vorgang läuft, wecker, zeit
⏳ laufende sanduhr, prozess, sanduhr, vorgang laeuft, vorgang läuft
⌚ armbanduhr, uhr, uhren, wecker, zeit
⏰ uhr, uhren, uhrzeit, wecker, zeit
⏱ stoppuhr, uhr, uhren, wecker, zeit
⏲ timer, uhr, uhren, wecker, zeit, zeitschaltuhr
🕰 kaminuhr, tick tack, uhr, uhren, wecker, zeit
🕛 0 uhr, 12, 12:00 uhr, mittag, mitternacht, uhr, uhren, wecker, zeit, ziffernblatt 12.00 uhr, ziffernblatt 12:00 uhr, zwoelf uhr, zwölf uhr
🕧 00:30, 12:30, 12:30 uhr, halb eins, uhr, uhren, wecker, zeit, ziffernblatt 12.30 uhr, ziffernblatt 12:30 uhr
🕐 01:00, 1, 13:00, 1:00 uhr, punkt eins, uhr, uhren, wecker, zeit, ziffernblatt 1.00 uhr, ziffernblatt 1:00 uhr
🕜 1 uhr 30, 1:30 uhr, halb zwei, uhr, uhren, wecker, zeit, ziffernblatt 1.30 uhr, ziffernblatt 1:30 uhr
🕑 2, 2:00 uhr, uhr, uhren, wecker, zeit, ziffernblatt 2.00 uhr, ziffernblatt 2:00 uhr
🕝 2:30 uhr, halb drei, uhr, uhren, wecker, zeit, ziffernblatt 2.30 uhr, ziffernblatt 2:30 uhr
🕒 3, 3:00 uhr, uhr, uhren, wecker, zeit, ziffernblatt 3.00 uhr, ziffernblatt 3:00 uhr
🕞 3:30 uhr, halb vier, uhr, uhren, wecker, zeit, ziffernblatt 3.30 uhr, ziffernblatt 3:30 uhr
🕓 4, 4:00 uhr, uhr, uhren, wecker, zeit, ziffernblatt 4.00 uhr, ziffernblatt 4:00 uhr
🕟 04:30, 16:30, 4:30 uhr, halb fuenf, halb fünf, uhr, uhren, wecker, zeit, ziffernblatt 4.30 uhr, ziffernblatt 4:30 uhr
🕔 05:00, 17:00, 5, 5:00 uhr, punkt fuenf, punkt fünf, uhr, uhren, wecker, zeit, ziffernblatt 5.00 uhr, ziffernblatt 5:00 uhr
🕠 05:30, 17:30, 5:30 uhr, halb sechs, uhr, uhren, wecker, zeit, ziffernblatt 5.30 uhr, ziffernblatt 5:30 uhr
🕕 6, 6:00 uhr, uhr, uhren, wecker, zeit, ziffernblatt 6.00 uhr, ziffernblatt 6:00 uhr
🕡 6:30 uhr, halb sieben, uhr, uhren, wecker, zeit, ziffernblatt 6.30 uhr
🕖 7, 7:00 uhr, uhr, uhren, wecker, zeit, ziffernblatt 7.00 uhr, ziffernblatt 7:00 uhr
🕢 7:30 uhr, halb acht, uhr, uhren, wecker, zeit, ziffernblatt 7.30 uhr, ziffernblatt 7:30 uhr
🕗 8, 8:00 uhr, uhr, uhren, um 8, wecker, zeit, ziffernblatt 8.00 uhr, ziffernblatt 8:00 uhr
🕣 8:30 uhr, halb neun, uhr, uhren, wecker, zeit, ziffernblatt 8.30 uhr, ziffernblatt 8:30 uhr
🕘 9, 9:00 uhr, uhr, uhren, wecker, zeit, ziffernblatt 9.00 uhr, ziffernblatt 9:00 uhr
🕤 9:30 uhr, halb zehn, uhr, uhren, wecker, zeit, ziffernblatt 9.30 uhr, ziffernblatt 9:30 uhr
🕙 10, 10:00 uhr, uhr, uhren, wecker, zeit, ziffernblatt 10.00 uhr, ziffernblatt 10:00 uhr
🕥 10:30 uhr, halb elf, uhr, uhren, wecker, zeit, ziffernblatt 10.30 uhr, ziffernblatt 10:30 uhr
🕚 11, 11:00 uhr, uhr, uhren, wecker, zeit, ziffernblatt 11.00 uhr, ziffernblatt 11:00 uhr
🕦 11:30 uhr, halb zwoelf, halb zwölf, uhr, uhren, wecker, zeit, ziffernblatt 11.30 uhr, ziffernblatt 11:30 uhr
🌑 dunkel, mond, nacht, neumond
🌒 dunkel, erstes mondviertel, mond, nacht, zunehmend
🌓 dunkel, halbmond, mond, nacht, zunehmend, zunehmender halbmond
🌔 dunkel, mond, nacht, zunehmend, zweites mondviertel
🌕 dunkel, mond, nacht, vollmond
🌖 abnehmend, drittes mondviertel, dunkel, mond, nacht
🌗 abnehmend, abnehmender halbmond, halbmond
🌘 abnehmend, dunkel, letztes mondviertel, mond, nacht
🌙 dunkel, mond, mondsichel, nacht
🌚 dunkel, gesicht, gesichter, mond, mondgesicht, nacht, neumond, neumond mit gesicht
🌛 dunkel, gesicht, gesichter, mond, mondsichel, mondsichel mit gesicht links, nacht, weltall
🌜 dunkel, gesicht, gesichter, mond, mondsichel, mondsichel mit gesicht rechts, nacht
🌡 temperatur, thermometer, wetter
☀ hell, sonne, sonnenstrahlen, sonnig, strahlen, wetter
🌝 gesicht, gesichter, vollmond, vollmond mit gesicht
🌞 gesicht, gesichter, hell, sonne, sonne mit gesicht, sonnengesicht, sonnenschein, sonnig
🪐 gasplanet, himmelskoerper, himmelskörper, planet, ringplanet, saturn
⭐ astronomie, gelber stern, himmel, stern, sterne, weißer mittelgroßer stern, weisser mittelgrosser stern
🌟 funkeln, funkelnder stern, glitzern, stern, sterne
🌠 himmel, sternschnuppe
🌌 galaxie, milchstraße, milchstrasse, universum
☁ wetter, wolke, wolken, wolkig
⛅ hell, sonne, sonne hinter wolke, sonnig, wolke, wolken, wolkig
⛈ blitz, elektrizitaet, elektrizität, gewitter, nass, regen, regnen, strom, wetter, wolke, wolke mit blitz und regen, wolken, wolkig
🌤 bewoelkt, bewölkt, hell, kleine wolke, sonne, sonne hinter kleiner wolke, sonnig, wetter, wolke, wolken
🌥 bewoelkt, bewölkt, große wolke, grosse wolke, hell, sonne, sonne hinter großer wolke, sonne hinter grosser wolke, sonnig, wetter, wolke, wolken
🌦 hell, regenwolke, sonne, sonne hinter regenwolke, sonnig, wetter
🌧 nass, regen, regenwolke, regnen, wetter, wolke, wolke mit regen, wolken
🌨 kalt, schnee, schneien, wetter, wolke, wolke mit schnee, wolken
🌩 blitz, elektrizitaet, elektrizität, gewitter, strom, wetter, wolke, wolke mit blitz, wolken
🌪 tornado, wetter, wirbelsturm
🌫 nebel, neblig, wetter
🌬 wetter, wind, windig
🌀 spirale, wirbel, wirbelsturm
🌈 regenbogen, wetter
🌂 geschlossener regenschirm, nass, regen, regenschirm, regnen
☂ bekleidung, nass, regen, regenschirm, regnen, wetter
☔ nass, regen, regenschirm, regenschirm im regen, regnen
⛱ aufgestellt, aufgestellter sonnenschirm, sonnenschirm, strand
⚡ blitz, elektrizitaet, elektrizität, gefahr, gewitter, hochspannung, hochspannungszeichen, strom
❄ flocke, kalt, schnee, schneeflocke, schneien, wetter, winter
☃ kalt, schnee, schneemann, schneemann im schnee, schneien
⛄ kalt, schnee, schneemann, schneemann ohne schneeflocken, schneien, winter
☄ komet, weltall
🔥 brennen, feuer, flamme, flammen, heiß, heiss
💧 schweiß, schweiss, traene, tropfen, träne, wasser, wassertropfen
🌊 meer, welle
🎃 halloween, halloweenkuerbis, halloweenkürbis, herbst, kuerbis, kuerbislaterne, kürbis, kürbislaterne
🎄 baeume, baum, bäume, tanne, weihnachten, weihnachtsbaum
🎆 feuerwerk, silvester
🎇 feier, feiern, fest, feuerwerk, party, wunderkerze
🧨 dynamit, explosion, explosiv, feuer, feuerwerk, feuerwerkskoerper, feuerwerkskörper, flamme, flammen, funken, heiß, heiss, knall, knallen, knaller, kracher, silvester, sprengen, sprengstoff, zuendstoff, zündstoff
✨ *, funkel, funkeln, funkelnde sterne, stern, sterne
🎈 ballon, feier, feiern, fest, geburtstag, luftballon, party
🎉 boeller, böller, feier, feiern, fest, juhu, knaller, konfetti, konfettibombe, party, super, yay
🎊 feier, feiern, fest, konfetti, konfettiball, party
🎋 baeume, baum, bäume, feier, feiern, fest, japan, party, sternenfest, tanabata-baum, zettel
🎍 japan, neujahrsfest, piniendekoration
🎎 japanische puppen, puppenfest japan
🎏 feier, feiern, fest, karpfen, party, traditionelle japanische windsaecke, traditionelle japanische windsäcke, windsaecke, windsäcke
🎐 bimmel, feier, feiern, fest, glocke, glocken, japanisches windspiel, party, wind
🎑 dunkel, japan, mond, mondfest, nacht, traditionelles mondfest
🧧 bezahlen, dollar, eur, euro, finanzen, geld, geschenk, geschenke, glueck, glück, hong bao, hongbao, roter umschlag, usd, zahlung
🎀 feier, feiern, fest, geschenk, geschenke, party, pink, pinke schleife, rosa, schleife
🎁 feier, feiern, fest, geburtstag, geschenk, geschenke, party, schachtel, schleife, ueberraschung, verpackt, weihnachten, überraschung
🎗 gedenkschleife, schleife
🎟 billet, eintrittskarte, eintrittskarten, ticket
🎫 konzert, ticket, unterhaltung
🎖 militaerorden, militärorden, orden
🏆 bundesliga, champion, gewinnen, pokal, preis, sieger, sport, sportarten, trophaee, trophäe
🏅 gewinn, goldmedaille, medaille, medaillen, sportmedaille
🥇 erster, gewinn, goldmedaille, medaille 1. platz
🥈 medaille 2. platz, silbermedaille, zweiter
🥉 bronzemedaille, dritter, medaille 3. platz
⚽ baelle, ball, bundesliga, bälle, fußball, fussball, messi
⚾ baelle, ball, baseball, bälle
🥎 baelle, ball, baseball, bälle, handschuh, softball, sport, sportarten, unterarm, werfen
🏀 baelle, ball, basketball, bälle, korb, sport, sportarten
🏐 baelle, ball, bälle, sport, sportarten, volleyball
🏈 american football, amerika, baelle, ball, bälle, football, sport, sportarten, super bowl
🏉 baelle, ball, bälle, rugby, rugbyball, sport, sportarten
🎾 baelle, ball, bälle, sport, sportarten, tennis, tennisball
🥏 disc, disk, fliegende untertasse, frisbee, scheibe, ultimate
🎳 bowling, bowlingkugel, kugel, spiel, spiele
🏏 baelle, ball, bälle, cricket, kricket, schlaeger, schläger
🏑 feldhockey, hockey, schlaeger, schläger
🏒 eishockey, eishockey-schlaeger und puck, eishockey-schläger und puck, hockey, puck, schlaeger, schläger
🥍 baelle, ball, bälle, lacrosse, schlaeger, schläger, sport, sportarten, stick, stock, tor
🏓 baelle, ball, bälle, ping pong, schlaeger, schläger, spiel, spiele, sport, sportarten, tischtennis
🏸 badminton, federball, schlaeger, schläger
🥊 boxen, boxhandschuh, handschuh, sport, sportarten
🥋 judo, kampfkunst, kampfsport, kampfsportanzug, karate, taekwondo
🥅 fußball, fussball, netz, sport, sportarten, tor
⛳ golffahne, golfplatz
⛸ eislauf, schlittschuh
🎣 angel mit fisch, angeln, entspannung
🤿 schnorcheln, schwimmen, sport, sportarten, sporttauchen, tauchen, tauchmaske
🎽 laufen, laufshirt, laufshirt mit schaerpe, laufshirt mit schärpe, schaerpe, schärpe, sport, sportarten
🎿 ski, ski und stoecke, ski und stöcke
🛷 kalt, rodel, rodeln, schlitten, schnee, schneien
🥌 curlingstein, spiel, spiele, sport, sportarten, stein
🎯 dart, darts, pfeil, pfeile, spiel, spiele, volltreffer, zielscheibe
🪀 jo-jo, spielzeug, yo-yo
🪁 drachen, fliegen, hochfliegen, steigen, wind
🔫 pistole, revolver, waffe, wasserpistole
🎱 8-ball, billard, billardkugel, kugel, schwarz, spiel, spiele
🔮 kristallkugel, wahrsager, zukunft
🪄 abrakadabra, hexe, hexer, magie, magisch, wunder, zauberei, zauberer, zauberin, zaubern, zauberstab
🎮 gamepad, gaming, unterhaltung, videospiel
🕹 gaming, joystick, videospiel
🎰 gluecksspiel, glücksspiel, spiel, spielautomat, spiele
🎲 casino, spiel, spiele, spielwuerfel, spielwürfel, unterhaltung, wuerfel, wuerfeln, würfel, würfeln, zufall
🧩 bestandteile, hinweise, hobby, passen, puzzeln, puzzle, puzzlestueck, puzzlestück, puzzleteil, puzzleteile, spiel, spiele, teile, zusammenpassen, zusammensetzen
🧸 baer, baeren, bär, bären, kuscheltier, plueschteddy, plueschtier, plüschteddy, plüschtier, spielwaren, spielzeug, stoffbaer, stoffbär, stofftier, teddy, teddybaer, teddybär
🪅 feier, feiern, fest, hau drauf, mexikanisch, mexiko, objekt, party, pinada, pinata, piñata, suess, suessigkeiten, süß, süßigkeiten
🪩 disco, discokugel, feier, feiern, fest, lichtreflexe, party, spiegel, spiegelkugel, tanz, tanzen
🪆 babuschka, matrioschka, matrjoschka, matroschka, puppe, russland, spielzeug
♠ karten, kartenspiel, pik
♥ herz, herzen, kartenspiel
♦ karo, kartenspiel
♣ kartenspiel, kreuz
♟ bauer schach, schach
🃏 joker, jokerkarte, spielkarte
🀄 mahjong, mahjong-stein, roter drache, spiel, spiele
🎴 blume, blumen, blumenkarte, hanafuda, japan, japanische blumenkarte, karte
🎭 kunst, masken, theater, unterhaltung
🖼 aufnahme, bild, film, foto, gemaelde, gemälde, gerahmtes bild, kunst, malen, rahmen, video, zeichnen, zeichnung
🎨 farben, kuenstler, kunst, künstler, mischpalette, palette
🧵 faden, nadel, naehen, naehfaden, naehgarn, nähen, nähfaden, nähgarn, rolle, spule, zwirn
🪡 einfaedeln, einfädeln, faden, nadel, nadel und faden, naehen, naehnadel, naehte, nähen, nähnadel, nähte, schneidern, stiche, sticken
🧶 baelle, ball, bälle, garn, haekeln, häkeln, spinnen, stricken, wolle, wollknaeuel, wollknäuel, zwirn
🪢 achterknoten, binden, knoten, schnuersenkel, schnur, schnürsenkel, seemansknoten, segelboot, segeln, seil, verknoten, zusammendrehen
👓 accessoire, brille
🕶 auge, augen, brille, dunkel, mond, nacht, sonnenbrille
🥽 augenschutz, brille, schutzbrille, schweißen, schweissen, schweißerbrille, schweisserbrille, schwimmen, tauchen, taucherbrille
🥼 arzt, arztkittel, doc, doktor, experiment, kleidung, kleidungsstueck, kleidungsstück, laborkittel, labormantel, weiße jacke, weisse jacke, weißer mantel, weisser mantel, wissenschaftler
🦺 geschuetzt, geschützt, kleidung, notfall, schutz, sicher, sicherheit, sicherheitsweste, weste
👔 hemd, hemd mit krawatte, kleidung, kragen, schlips
👕 kleidung, shirt, t-shirt
👖 hose, jeans, kleidung
🧣 hals, kalt, kleidung, schal, schnee, schneien, warm anziehen
🧤 haende, hand, handschuh, handschuhe, hände
🧥 brr, jacke, kalt, kleidung, mantel, schnee, schneien, warm anziehen
🧦 socken, struempfe, strumpf, strümpfe
👗 kleid, kleidung
👘 japanisch, kimono, kleid, kleidung
🥻 kleid, kleidung, sari
🩱 badeanzug, einteiliger badeanzug, kleidung
🩲 badeanzug, einteiler, kleidung, slip, unterwaesche, unterwäsche
🩳 badebekleidung, badehose, boxershorts, kleidung, schwimmshorts, shorts
👙 badeanzug, bikini, kleidung
👚 bluse, damenmode, kleidung, oberbekleidung, shirt
🪭 abkuehlung, abkühlung, faecher, faltfaecher, faltfächer, feuer, flamme, flirten, fächer, heiß, heiss, kuehlen, kühlen, luft zufaecheln, luft zufächeln, schuechtern, schüchtern, spanisch, tanz, warm
👛 accessoire, brieftasche, geldboerse, geldbörse, muenzen, münzen, portemonnaie
👜 accessoire, einkaufen, handtasche, tasche
👝 accessoire, beutel, clutch, handtasche, kulturbeutel, tasche, waschtasche
🛍 einkaufen, einkaufstueten, einkaufstüten, shoppen, shopping, tasche, tuete, tüte
🎒 ranzen, rucksack, schule, schulranzen, tornister
🩴 badelatschen, flipflops, latschen, sandalen, schuh, strandschuh, zehensandale, zehensandalen
👞 gehen, herren, herrenschuh, schuh
👟 laufen, rennen, schuh, sneaker, sportlich, sportschuh, turnschuh
🥾 brauner schuh, campen, camping, kleidungsstueck, kleidungsstück, outdoor, rucksacktour, schuh, stiefel, wandern, wanderstiefel, wanderung
🥿 ballerina, ballet-pumps, bequem, flacher schuh, frauenschuh, kleidungsstueck, kleidungsstück, schuh, slipper
👠 absatz, absatzschuh, damen, elegant, high heel, highheels, pumps, rot, schuh, stoeckelschuh, stöckelschuh, vornehm
👡 damen, damensandale, sandale, schuh
🩰 ballett, ballettschuhe, kleidung, schuhe, tanz
👢 damen, damenstiefel, schuh, stiefel
🪮 afro, afro pick, haare, haarkamm, kaemmen, kamm, kämmen
👑 koenig, koenigin, kopfbedeckung, krone, könig, königin, majestaet, majestät
👒 damenhut, damenhut mit schleife, hut, kleidung, kopfbedeckung, schleife
🎩 hut, kopfbedeckung, unterhaltung, zauberer, zylinder, zylinderhut
🎓 abschlussfeier, diplom, doktorhut
🧢 baseball, baseball-kappe, baseball-muetze, baseball-mütze, baseballkappe, baseballmuetze, baseballmütze, muetze, mütze, schirmkappe
🪖 armee, heer, helm, kaempfer, kaempferin, krieg, kämpfer, kämpferin, militaer, militaerhelm, militär, militärhelm, schutzhelm, soldat, soldatin
⛑ bergen, erste hilfe, helfen, helm, helm mit weißem kreuz, helm mit weissem kreuz, hilfe, kreuz, retten, rettungshelm, roter helm, sanitaeter, sanitäter, support
📿 beten, gebet, gebetskette, kette, religion, rosenkranz
💄 kosmetik, lippenstift, make-up, makeup, rot, schminke
💍 diamantring, edelstein, ring, schmuck, verlobung
💎 diamant, edelstein
🔇 audio, box, durchgestrichener lautsprecher, lautsprecher, leise, psst, stumm, stummgeschaltet
🔈 audio, box, eingeschaltet, lautsprecher, lautsprecher mit geringer lautstaerke, lautsprecher mit geringer lautstärke, musik, sound, ton, ton an
🔉 audio, box, lautsprecher, lautsprecher mit einer schallwelle, lautsprecher mit mittlerer lautstaerke, lautsprecher mit mittlerer lautstärke, leise, mittellaut, musik, sound, ton
🔊 audio, box, dezibel, laut, lautsprecher, lautsprecher mit drei schallwellen, lautsprecher mit hoher lautstaerke, lautsprecher mit hoher lautstärke, lieder, musik, schallwellen, sound, ton
📢 audio, box, lautsprecher, megafon, schallendes megafon
📣 audio, box, jubel, lautsprecher, megafon
📯 brief, briefe, e-mail, email, mail, post, posthorn
🔔 audio, box, ding dong, glocke, glocken, klingeling, lautsprecher, musik, sound, ton, ton eingeschaltet
🔕 audio, box, durchgestrichene glocke, glocke, glocken, kein ton, lautsprecher, leise, musik, sound, ton, ton ausgeschaltet
🎼 audio, box, lautsprecher, lieder, musik, note, noten, notenschluessel, notenschlüssel, partitur, sound, ton, violinschluessel, violinschlüssel
🎵 audio, box, lautsprecher, lied, lieder, melodie, musik, musiknote, note, noten, sound, ton
🎶 audio, box, lautsprecher, lieder, musik, musiknoten, note, noten, sound, ton
🎙 mic, mikrofon, studiomikrofon
🎚 audio, box, lautsprecher, lieder, musik, schieberegler, sound, ton
🎛 bedienknoepfe, bedienknöpfe, drehregler, knoepfe, knöpfe, stellknoepfe, stellknöpfe
🎤 karaoke, mic, mikrofon, singen, unterhaltung
🎧 audio, box, headset, kopfhoerer, kopfhörer, lautsprecher, lieder, musik, sound, ton, unterhaltung
📻 audio, box, lautsprecher, lieder, musik, radio, sound, ton
🎷 audio, box, instrument, instrumente, lautsprecher, lieder, musik, musikinstrument, saxofon, sound, ton
🪗 akkordeon, akkordeons, audio, box, concertina, harmonika, instrument, instrumente, lautsprecher, lieder, musik, musikinstrument, quetschkommode, quetschkommoden, schifferklavier, sound, spielen, ton, ziehharmonika, ziehharmonikas
🎸 audio, box, gitarre, instrument, instrumente, lautsprecher, lieder, musik, musikinstrument, sound, ton
🎹 audio, box, instrument, instrumente, klaviatur, klavier, lautsprecher, lieder, musik, musikinstrument, piano, sound, tastatur, tasten, ton
🎺 audio, box, instrument, instrumente, lautsprecher, lieder, musik, musikinstrument, sound, ton, trompete
🎻 audio, box, geige, instrument, instrumente, lautsprecher, lieder, musik, musikinstrument, sound, ton, violine
🪕 audio, banjo, box, instrument, instrumente, lautsprecher, lieder, musik, saiteninstrument, sound, ton, zupfinstrument
🥁 audio, box, drumsticks, instrument, instrumente, lautsprecher, lieder, musik, schlaegel, schlägel, sound, sticks, ton, trommel, trommelstoecke, trommelstöcke
🪘 afrikanische trommel, conga, handtrommel, instrument, instrumente, musikinstrument, rhythmus, trommel, trommeln
🪇 audio, box, cha-cha-cha, feier, feiern, fest, instrument, instrumente, lautsprecher, lieder, maracas, musik, musikinstrument, musizieren, party, percussion, rassel, rasseln, sound, tanz, tanzen, ton
🪈 audio, band, blaskapelle, box, floete, flöte, holzblasinstrument, instrument, instrumente, lautsprecher, lieder, musik, musikinstrument, musizieren, orchester, sound, spielmannszug, ton
🪉 amor, audio, box, cupido, harfe, instrument, instrumente, lautsprecher, liebe, lieder, musik, orchester, romantik, sound, ton, verliebt
📱 handy, handys, iphone, mobiltelefon, smartphone, telefonieren
📲 anruf, anrufen, handy, handys, iphone, kommunikation, mobiltelefon, mobiltelefon mit pfeil, pfeil, pfeile, smartphone, whatsapp
☎ anruf, anrufen, festnetz, telefon, telefone
📞 anrufen, hoerer, hörer, kommunikation, telefon, telefone, telefonhoerer, telefonhörer
📟 kommunikation, pager, piepser
📠 fax, faxgeraet, faxgerät, kommunikation
🔋 akku, akkus, batterie, batterien, energie
🪫 akku, akku fast leer, akku leer, akkus, aufladen, batterie, batterie fast leer, batterie leer, batterien, elektronik, energie, ladestand, niedriger akkustand, schwache batterie, schwacher akku
🔌 netzstecker, stecker, stromstecker
💻 bildschirm, computer, computermonitor, laptop, laptops, monitor, notebook, pc, rechner
🖥 bildschirm, computer, desktop, desktopcomputer, imac, monitor, pc, rechner
🖨 computer, drucker, pc, rechner
⌨ computer, keyboard, pc, rechner, tastatur
🖱 computer, computermaus, maeuse, maus, mäuse, pc, rechner
🖲 computer, pc, rechner, trackball
💽 md, minidisc, minidisk
💾 datentraeger, datenträger, diskette
💿 blu-ray, cd, dvd
📀 blu-ray, cd, computer, dvd, pc, rechner
🧮 abaki, abakus, abakusse, berechnung, kalkulation, mathe, mathematik, rechenhilfe, rechenrahmen, rechenschieber, rechnen, zaehlen, zaehlrahmen, zählen, zählrahmen
🎥 aufnahme, film, filmkamera, kino, unterhaltung, video
🎞 aufnahme, film, filmband, filmstreifen, kino, video
📽 filmprojektor, kino, unterhaltung
🎬 aufnahme, film, filmklappe, klappe, unterhaltung, video
📺 aufnahme, fernsehen, fernseher, film, television, tv, video
📷 fotoapparat, fotografie, fotos, kamera, kameras
📸 blitz, elektrizitaet, elektrizität, fotoapparat, fotoapparat mit blitz, fotografie, kamera, strom
📹 filmen, videokamera, videos
📼 aufnahme, film, vhs, video, videokassette
🔍 finden, lupe, lupe nach links, suche, suchen, vergroesserungsglas, vergrößerungsglas
🔎 finden, lupe, lupe nach rechts, suche, suchen, vergroesserungsglas, vergrößerungsglas
🕯 kerze, licht
💡 einfall, gedanke, gluehbirne, glühbirne, hell, idee, lampe, lampen, licht, sonne, sonnig
🔦 lampe, lampen, licht, taschenlampe
🏮 izakaya, japanische laterne, japanisches lokal, rote papierlaterne
🪔 diya, lampe, lampen, oel, oellampe, öl, öllampe
📔 einband, notizbuch, notizbuch mit dekorativem einband
📕 buch, buecher, bücher, geschlossen, geschlossenes buch
📖 bibliothek, blaettern, blättern, buch, buecher, bücher, geoeffnet, geöffnet, lernen, lesen, offen, offenes buch, seite
📗 buch, buecher, bücher, gruen, gruenes buch, grün, grünes buch, lesen
📘 blau, blaues buch, buch, buecher, bücher
📙 buch, buecher, bücher, orangefarben, orangefarbenes buch
📚 buch, buecher, buecherstapel, bücher, bücherstapel, fantasie, lesen, roman
📓 notizbuch, notizen
📒 notizblock, spiralblock
📃 dokument, papier, seite, teilweise eingerolltes blatt
📜 papier, schriftrolle
📄 dokument, papier, seite, vorderseite eines blattes
📰 medien, nachrichten, presse, zeitung
🗞 zeitung, zusammengerollt, zusammengerollte zeitung
📑 notizen, pagemarker
🔖 etikett, lesen, lesezeichen
🏷 etikett, label, marke
💰 bezahlen, dollar, eur, euro, finanzen, geld, geldsack, moneten, reich, sack, usd, zahlung
🪙 bezahlen, dollar, eur, euro, finanzen, geld, gold, goldesel, metall, muenze, münze, reich, schatz, silber, sparen, usd, zahlung
💴 bezahlen, dollar, eur, euro, finanzen, geld, geldschein, usd, yen, yen-banknote, zahlung
💵 bezahlen, dollar, dollar-banknote, eur, euro, finanzen, geld, geldschein, usd, waehrung, währung, zahlung
💶 bezahlen, dollar, eur, euro, euro-banknote, euroschein, finanzen, geld, geldschein, usd, zahlung
💷 bezahlen, dollar, eur, euro, finanzen, geld, geldschein, pfund, pfund-banknote, usd, zahlung
💸 bank, bezahlen, dollar, eur, euro, finanzen, geld, geldschein mit fluegeln, geldschein mit flügeln, knete, moneten, usd, zahlung
💳 bankkarte, ec-karte, geldkarte, guthaben, karte, kreditkarte
🧾 abrechnung, aufstellung, beleg, blaetter, blatt, blätter, buchhalter, buchhaltung, quittung, rechnung, rechnungswesen, schriftstueck, schriftstück
💹 diagramm, markt, steigende kurve mit yen-zeichen, steigender trend mit yen-zeichen
✉ brief, briefe, briefumschlag, e-mail, email, mail, post
📧 brief, briefe, e-mail, e-mail-symbol, email, mail, post
📨 brief, e-mail, eingehender briefumschlag, email, empfangen, mail, post, umschlag
📩 brief, e-mail, email, gesendet, mail, post, umschlag mit pfeil
📤 ablage, brief, e-mail, email, mail, post, postausgang
📥 ablage, brief, e-mail, email, mail, post, posteingang
📦 paeckchen, paket, päckchen
📫 brief, briefkasten, e-mail, email, geschlossen, geschlossener briefkasten mit post, mail, post
📪 brief, briefkasten, e-mail, email, geschlossen, geschlossener briefkasten ohne post, keine e-mail, keine post, mail, post
📬 brief, briefkasten, e-mail, email, mail, offen, offener briefkasten mit post, post
📭 brief, briefkasten, e-mail, email, keine e-mail, keine post, mail, offen, offener briefkasten ohne post, post
📮 brief, briefe, briefkasten, e-mail, email, mail, post
🗳 urne, urne mit wahlzettel, wahlen, wahlzettel
✏ bleistift, stift
✒ federhalter, fueller, füller, schwarz, schwarzer federhalter, stift
🖋 fueller, fuellfedehalter, fuellfederhalter, fuellhalter, füller, füllfedehalter, füllfederhalter, füllhalter, schreiben, stift
🖊 kugelschreiber, stift
🖌 kunst, malen, pinsel
🖍 buntstift, filzstift, wachsmalstift
📝 bleistift, kurzmitteilung, meldung, message, nachricht, notiz, papier, papier und bleistift, schreibblock, schreiben
💼 aktentasche, tasche
📁 akten, buero, büro, dokument, geschlossen, ordner
📂 dokument, geoeffneter ordner, geöffneter ordner, offen, ordner
🗂 akten, buero, bueroausstattung, bueromaterial, büro, büroausstattung, büromaterial, karteibahnen, karteikarten, karteireiter
📅 datum, kalender, kalenderblatt, termin
📆 abreißkalender, abreisskalender, datum, kalender, termin
🗒 block, notiz, notizblock, papier
🗓 datum, kalender, spiralkalender, termin
📇 rotationskartei, visitenkarten
📈 aufwaertstrend, aufwärtstrend, diagramm, kurve, steigend
📉 abwaertstrend, abwärtstrend, diagramm, fallend, kurve
📊 balken, balkendiagramm, diagramm
📋 clipboard, clpboard, klemmbrett, kopieren, zwischenablage
📌 anpinnen, reißzwecke, reisszwecke
📍 anpinnen, reißzwecke, reisszwecke, rund, runde reißzwecke, runde reisszwecke, stecknadel
📎 anhang, attachment, bueroklammer, büroklammer
🖇 anhang, attachment, bueroklammer, bueroklammern, büroklammer, büroklammern, verhakt, verhakte bueroklammern, verhakte büroklammern
📏 lineal
📐 dreieckiges lineal, geodreieck, lineal
✂ schere, schneiden, schnipp
🗃 bueroausstattung, bueromaterial, büroausstattung, büromaterial, karteikasten
🗄 ablage, aktenschrank, archiv, schublade
🗑 abfalleimer, entfernen, loeschen, löschen, muelleimer, mülleimer, papierkorb
🔒 datenschutz, geschlossen, geschlossenes schloss, geschuetzt, geschützt, schloesser, schloss, schlösser, schutz, sicher, sicherheit
🔓 nicht gesichert, offen, offenes schloss, schloesser, schloss, schlösser
🔏 datenschutz, geschuetzt, geschützt, privat, schloss mit fueller, schloss mit füller, schutz, sicher, sicherheit
🔐 datenschutz, geschuetzt, geschützt, privat, schloss mit schluessel, schloss mit schlüssel, schutz, sicher, sicherheit
🔑 anmeldung, kennwort, login, passwort, schließen, schliessen, schluessel, schlüssel
🗝 alt, alter schluessel, alter schlüssel, schloesser, schloss, schluessel, schlösser, schlüssel
🔨 hammer, werkzeug, werkzeuge
🪓 axt, beil, hacken, holz, spalten, werkzeug, werkzeuge
⛏ pickel, werkzeug, werkzeuge
⚒ arbeiter, hammer, hammer und pickel, pickel, werkzeug, werkzeuge
🛠 hammer, hammer und schraubenschluessel, hammer und schraubenschlüssel, schraubenschluessel, schraubenschlüssel, werkzeug, werkzeuge
🗡 dolch, schwert, waffe
⚔ gekreuzt, gekreuzte schwerter, schwerter, waffe
💣 bombe, comic, dynamit, explodieren
🪃 aborigines, australien, boomerang, bumerang, schleuder, waffe, werfen
🏹 bogen, pfeil, pfeil und bogen, pfeile
🛡 schild, schutzschild
🪚 handsaege, handsäge, holz, saege, saegen, säge, sägen, tischler, trimmen, werkzeug, werkzeuge
🔧 schraubenschluessel, schraubenschlüssel, werkzeug, werkzeuge
🪛 schraube, schrauben, schraubendreher, schraubenzieher, werkzeug, werkzeuge
🔩 mutter und schraube, schraube
⚙ werkzeug, werkzeuge, zahnrad
🗜 schraubzwinge, werkzeug, werkzeuge
⚖ gerechtigkeit, gewicht, waage, werkzeug, werkzeuge, wiegen
🦯 barrierefreiheit, behinderung, blind, blindenstock, gehstock
🔗 kettenglieder, linksymbol, verknuepfen, verknuepfung, verknuepfungssymbol, verknüpfen, verknüpfung, verknüpfungssymbol, zwei ringe
⛓️‍💥 brechen, freiheit, gebrochen, gebrochene kette, handschellen, kette, zerbrechen
⛓ eisen, kette, ketten
🪝 angelhaken, aufhaengen, aufhaken, aufhängen, einhaken, haengen, haken, hängen, metallhaken
🧰 audio, box, handkasten, kasten, kiste, lautsprecher, mechaniker, rote kiste, werkzeug, werkzeuge, werkzeugkasten, werkzeugkiste, werkzeugkoffer
🧲 anziehung, anziehungskraft, hufeisen, magnet, magnetisch, pole, positiv negativ, u-form
🪜 hochsteigen, holzleiter, klettern, leiter, sprosse, stufe
🪏 graben, loch, schaufel, schippe, spaten
⚗ destillierapparat, werkzeug, werkzeuge
🧪 chemie, chemikalie, chemiker, experiment, labor, reagenzglas, substanz, versuche, wissenschaft
🧫 bakterien, bakterienkultur, biologe, biologie, biologin, kultur, labor, petrischale, pipette, probe
🧬 biologe, biologie, biologin, dna, dns, evolution, gen, genetik, genmanipulation, leben
🔬 labor, mikroskop, untersuchen, wissenschaft
🔭 himmel, teleskop
📡 antenne, sat-schuessel, sat-schüssel, satellitenschuessel, satellitenschüssel, satschuessel, satschüssel, schuessel, schüssel
💉 arzt, impfen, impfung, injektion, kanuele, kanüle, nadel, spritze
🩸 blutspende, blutstropfen, fluessigkeit, flüssigkeit, medizin, menstruation
💊 arznei, arzt, kapsel, medizin, pille, tabletten
🩹 heftpflaster, pflaster, verletzt, wunde
🩼 behinderung, beinverletzung, fußverletzung, fussverletzung, gehhilfe, gehstuetze, gehstütze, helfen, hilfe, kruecke, krücke, schmerzen, stock, support, verletzt, verletzung
🩺 abhoeren, abhören, arzt, doktor, herz, herzen, herzschlag, medizin, stethoskop, untersuchung
🩻 durchleuchten, knochen, medizin, radiologie, rippen, roentgen, roentgenbild, roentgenstrahlen, röntgen, röntgenbild, röntgenstrahlen, skelett
🚪 eingang, geschlossen, tuer, tür
🛗 aufzug, fahrstuhl, haeuser, haus, heim, häuser, lift, symbol, symbole, transport, zuhause
🪞 holzspiegel, reflexion, spiegel, spiegelbild, wandspiegel
🪟 aussicht, durchsichtig, fenster, fensterrahmen, frische luft, glaeser, glas, gläser, haeuser, haus, heim, häuser, lueften, lüften, oeffnung, rahmen, zuhause, öffnung
🛏 bett, hotel, schlafen, uebernachtung, übernachtung
🛋 couch, lampe, lampen, sofa, sofa und lampe
🪑 holzstuhl, moebel, möbel, sitzen, stuhl
🚽 klo, toilette, wc
🪠 abfluss, gummiglocke, klempner, klo, poempel, puempel, pömpel, pümpel, sanitaer, sanitär, saugglocke, saugglocken, toilette, verstopft, wc, werkzeug, werkzeuge
🚿 dusche, duschkopf
🛁 bad, badewanne, badezimmer, dusche
🪤 anlocken, falle, kaese, käse, maeuse, maeusefalle, maus, mausefalle, mäuse, mäusefalle
🪒 klinge, rasieren, rasierer, rasiermesser, scharf
🧴 creme, feuchtigkeitscreme, feuchtigkeitsmilch, haarwaschmittel, koerpercreme, körpercreme, lotion, nachtcreme, shampoo, sonnencreme
🧷 punk, sicherheitsnadel, windel
🧹 besen, fegen, hexe, hexenbesen, kehren, reinigen, saeubern, sauber machen, säubern
🧺 bauernhof, korb, landwirtschaft, picknick, tragekorb, waesche, waeschekorb, wäsche, wäschekorb
🧻 hygiene, klopapier, kuechenrolle, küchenrolle, papierrolle, papiertuecher, papiertücher, toilette, toilettenpapier, wc, wc-papier
🪣 behaelter, behälter, bottich, eimer, kuebel, kübel, wassereimer
🧼 baden, putzen, reinigen, riegel, saeubern, sauber, sauber machen, schaeumen, schaum, schäumen, seife, seifenschale, seifenstueck, seifenstück, säubern
🫧 blasen, perlen, reinigen, schaum, schweben, seife, seifenblasen, unter wasser, wasserblasen
🪥 badezimmer, buerste, bürste, koerperpflege, körperpflege, mundhygiene, putzen, sauber, zaehne, zahn, zahnbuerste, zahnbürste, zahnhygiene, zähne
🧽 absorbieren, aufsaugen, loechrig, löchrig, poroes, porös, putzen, putzmittel, reinigen, sauber machen, schaeumen, schaum, schwamm, schäumen
🧯 entfernen, feuer, feuerloescher, feuerlöscher, flamme, flammen, heiß, heiss, loeschen, löschen, muelleimer, mülleimer, papierkorb
🛒 einkaufen, einkaufswagen
🚬 kippe, rauchen, rauchersymbol, zigarette
⚰ beerdigung, sarg, tod, tot, vampir
🪦 friedhof, grab, grabstein, rip, tot
⚱ beerdigung, tod, tot, urne
🧿 amulett, blau, boeser blick, böser blick, glasperle, gluecksbringer, glücksbringer, kuegelchen, kügelchen, nazar, nazar-amulett, perle, talisman
🪬 amulett, auge in offener hand, fatima, geschuetzt, geschützt, glueckssymbol, glückssymbol, haende, hamsa, hand, hände, juedisch, jüdisch, maria, muslimisch, schutz, sicher, sicherheit
🗿 gesicht, gesichter, maske, osterinsel, statue
🪧 ankuendigung, ankündigung, bekanntmachung, demonstration, hinweis, mahnwache, plakat, protest, protestschild, schild
🪪 ausweis, dokument, fuehrerschein, führerschein, karte, pass, personalausweis, plakette, reisepass
🏧 atm, geldautomat, symbol „geldautomat“
🚮 abfall, entfernen, loeschen, löschen, muell, muelleimer, müll, mülleimer, papierkorb, sauberkeit, symbol „papierkorb“, wegschmeißen, wegschmeissen, wegwerfen
🚰 trinkwasser, wasser, wasserhahn
♿ barrierefrei, behindertengerecht, rollstuhl, symbol „rollstuhl“
🚹 herren, herrentoilette, wc
🚺 damen, damentoilette, wc
🚻 toilette, toiletten, wc
🚼 baby, babys, symbol „baby“, wickelraum
🚾 toilette, wc
🛂 pass, passkontrolle
🛃 zoll, zollkontrolle
🛄 gepaeck, gepaeckausgabe, gepäck, gepäckausgabe
🛅 gepaeck, gepaeckaufbewahrung, gepäck, gepäckaufbewahrung, schließfach, schliessfach
⚠ achtung, dreieck, vorsicht, warnschild, warnung
🚸 kind, kinder, kinder ueberqueren die strasse, kinder überqueren die straße, kinder-queren-die-straße-schild, kinder-queren-die-strasse-schild, straßenschild, strassenschild, vorsicht
⛔ einbahnstrasse, kein zutritt, keine durchfahrt, verboten, zutritt verboten, zutritt-verboten-schild
🚫 kein zutritt, kein-zutritt-zeichen, verboten, verbotszeichen
🚳 fahhrad, fahrrad-verboten-schild, fahrraeder verboten, fahrräder verboten, radfahren verboten, verboten
🚭 rauchen verboten, rauchverbot, zigarette
🚯 abfall, abfall verboten, muell, muell-verboten-zeichen, müll, müll-verboten-zeichen, verboten
🚱 kein trinkwasser, verboten, verschmutzt, wasser
🚷 fussgaenger verboten, fussgaenger-verboten-schild, fußgänger verboten, fußgänger-verboten-schild, verboten
📵 handy, handys, mobiltelefon, mobiltelefone verboten, smartphone, verbot
🔞 erwachsene, minderjaehrige verboten, minderjährige verboten, mindestalter, nicht jugendfrei, zeichen mit durchgestrichener 18
☢ radioaktiv
☣ biogefaehrdung, biogefährdung, symbol, symbole, zeichen
⬆ aufwaerts, aufwaertspfeil, aufwärts, aufwärtspfeil, nach oben, norden, pfeil, pfeil nach oben, pfeile
↗ nach rechts oben, nordosten, pfeil, pfeil nach rechts oben, pfeile
➡ nach rechts, osten, pfeil, pfeil nach rechts, pfeile, rechts, rechtspfeil
↘ nach rechts unten, pfeil, pfeil nach rechts unten, pfeile, suedosten, südosten
⬇ abwaerts, abwaertspfeil, abwärts, abwärtspfeil, nach unten, pfeil, pfeil nach unten, pfeile, sueden, süden
↙ nach links unten, pfeil, pfeil nach links unten, pfeile
⬅ linkspfeil, nach links, pfeil, pfeil nach links, pfeile, westen
↖ nach links oben, nordwesten, pfeil, pfeil nach links oben, pfeile
↕ entgegengesetzt, nach oben und unten, pfeil, pfeil nach oben und unten, pfeile
↔ entgegengesetzt, nach links und rechts, pfeil, pfeil nach links und rechts, pfeile
↩ geschwungen, geschwungener pfeil nach links, links, nach links, pfeil, pfeile
↪ geschwungen, geschwungener pfeil nach rechts, nach rechts, pfeil, pfeile, rechts, umdrehen
⤴ geschwungen, geschwungener pfeil nach oben, nach oben, oben, pfeil, pfeile
⤵ geschwungen, geschwungener pfeil nach unten, nach unten, pfeil, pfeile, unten
🔃 im uhrzeigersinn, kreisfoermige pfeile im uhrzeigersinn, kreisförmige pfeile im uhrzeigersinn, pfeil, pfeile
🔄 gegen den uhrzeigersinn, kreisfoermige pfeile gegen den uhrzeigersinn, kreisförmige pfeile gegen den uhrzeigersinn, pfeil, pfeile, pfeile gegen den uhrzeigersinn
🔙 back-pfeil, links, pfeil, pfeile, zurueck, zurück
🔚 end-pfeil, ende-zeichen, links, pfeil, pfeile
🔛 anschalten, ein-zeichen, einschaltem, on!-pfeil, pfeil, pfeile, rechts und links
🔜 bald-zeichen, pfeil, pfeile, rechts, soon-pfeil
🔝 pfeil nach oben, top-pfeil, top-zeichen
🛐 kultstaette, kultstätte, religioese staette, religion, religiöse stätte
⚛ atheist, atom, atomzeichen
🕉 hinduismus, om, religion
✡ davidstern, juedisch, jüdisch, religion
☸ buddhismus, dharma, dharma-rad
☯ daoismus, religion, yang, yin, yin und yang
✝ christentum, kreuz, lateinisch, lateinisches kreuz, religion, roemisch, römisch
☦ christentum, kreuz, orthodox, orthodoxes kreuz, religion
☪ hilal, hilal und stern, islam, muslim, religion, stern, sterne
☮ friedensbewegung, friedenssymbol, friedenszeichen
🕎 leuchter, menora, religion
🔯 hexagramm mit punkt, wahrsager
🪯 deg tegh fateh, glaube, khalsa, khanda, khanda-emblem, religion, schwert, sikh, sikhismus
♈ sternzeichen, widder, widder (sternzeichen)
♉ horoskop, sternzeichen, stier, stier (sternzeichen)
♊ horoskop, sternzeichen, zwilling, zwillinge, zwillinge (sternzeichen)
♋ krebs, krebs (sternzeichen), sternzeichen
♌ horoskop, loewe, loewe (sternzeichen), löwe, löwe (sternzeichen), sternzeichen
♍ horoskop, jungfrau, jungfrau (sternzeichen), sternzeichen
♎ horoskop, sternzeichen, waage, waage (sternzeichen)
♏ horoskop, skorpion, skorpion (sternzeichen), sternzeichen
♐ schuetze, schuetze (sternzeichen), schütze, schütze (sternzeichen), sternzeichen
♑ steinbock, steinbock (sternzeichen), sternzeichen
♒ sternzeichen, wassermann, wassermann (sternzeichen)
♓ fisch, fische, fische (sternzeichen), horoskop, sternzeichen
⛎ schlagentraeger, schlagenträger, schlangentraeger, schlangenträger, sternbild
🔀 gekreuzt, pfeil, pfeile, richtung, verschlungene pfeile nach rechts, zufallsmodus
🔁 im uhrzeigersinn, keycap, pfeil, pfeile, tastenkappe, wiederholen
🔂 dasselbe wiederholen, einmal, im uhrzeigersinn, noch einmal, pfeil, pfeile, titel wiederholen, wiederholen
▶ abspielen, dreieck, pfeil, pfeile, rechts, wiedergabe
⏩ doppelpfeil, doppelpfeile nach rechts, ueberspringen, vorwaerts, vorwärts, weiter, überspringen
⏭ doppelpfeil, dreieck, naechster titel, nächster titel, vorwaerts, vorwärts, weiter
⏯ dreieck, pause, pfeil, pfeile, rechts, wiedergabe, wiedergabe oder pause
◀ dreieck, links, pfeil, pfeil zurueck, pfeil zurück, pfeile, zurueck, zurück
⏪ doppelpfeil, doppelpfeile nach links, dreieck, pfeil, pfeile, vorheriger titel, zurueck, zurueckspulen, zurück, zurückspulen
⏮ doppelpfeil, dreieck, pfeil, pfeile, vorheriger titel, zurueck, zurück
🔼 aufwaerts, aufwaerts-schaltflaeche, aufwärts, aufwärts-schaltfläche, nach oben, pfeil, pfeile, schaltflaeche, schaltfläche
⏫ aufwaerts, aufwärts, doppelpfeil, doppelpfeile nach oben, doppelt, nach oben, pfeil, pfeile
🔽 abwaerts, abwaerts-schaltflaeche, abwärts, abwärts-schaltfläche, nach unten, pfeil, pfeile, schaltflaeche, schaltfläche
⏬ doppelpfeil, doppelpfeile nach unten, doppelt abwaerts, doppelt abwärts, nach unten, pfeil, pfeile
⏸ keycap, pause, streifen, tastenkappe, vertikal
⏹ aufnahme, aufnahme stoppen, bild, film, foto, keycap, quadrat, quadrate, stopp, tastenkappe, video
⏺ aufnahme, aufnehmen, bild, film, foto, keycap, kreis, kreise, tastenkappe, video
⏏ auswerfen, auswurf, auswurftaste, medien
🎦 aufnahme, film, filmkamera, filmkamera in blauem quadrat, kino, kinosymbol, unterhaltung, video
🔅 dimmen, gedimmt, helligkeit, schwache helligkeit, taste dimmen
🔆 heller, heller-taste, helligkeit, starke helligkeit
📶 balkenfoermige signalstaerkenanzeige, balkenförmige signalstärkenanzeige, empfang, handy, mobilfunksignal, mobiltelefon, signalstaerke, signalstärke, smartphone
🛜 computer, drahtlos, hotspot, internet, kabellos, netzwerk, online, pc, rechner, router, verbindung, web, wi-fi, wlan, www
📳 handy, handys, kommunikation, mobiltelefon, smartphone, symbol fuer vibrationsalarm, symbol für vibrationsalarm, vibration, vibrationsmodus, vibrieren
📴 ausschalten, handy, handy aus, mobiltelefon, mobiltelefon aus, smartphone
♀ frau, frauen, frauensymbol, symbol, symbole, weiblich, zeichen
♂ maenner, maennersymbol, mann, männer, männersymbol, symbol, symbole, zeichen
⚧ symbol fuer transgender, symbol für transgender, transgender, transgender-symbol
✖ abbrechen, mal, multiplikation, multiplikationszeichen, multiplizieren, x, ×
➕ +, addieren, mathe, plus, pluszeichen
➖ -, mathe, minus, minuszeichen, −
➗ division, divisionszeichen, geteilt, geteilt durch, geteiltzeichen, mathe, ÷
🟰 gleich, gleichheit, gleichheitszeichen, gleichheitszeichen extrafett, ist gleich, mathematik, vergleichszeichen
♾ ewig, grenzenlos, unendlich, unendlichkeit
‼ ausrufezeichen, doppelt, doppeltes ausrufezeichen, muss, rot, satzzeichen
⁉ ausrufe- und fragezeichen, ausrufezeichen, fragezeichen, rot, satzzeichen
❓ frage, fragezeichen, rot, rotes fragezeichen, satzzeichen, warum, wieso
❔ frage, fragezeichen, satzzeichen, warum, weiß, weiss, weißes fragezeichen, weisses fragezeichen
❕ ausrufezeichen, muss, satzzeichen, weiß, weiss, weißes ausrufezeichen, weisses ausrufezeichen
❗ !, ausrufezeichen, rot, rotes ausrufezeichen, satzzeichen
〰 gewellt, linie, wellenlinie
💱 bezahlen, dollar, eur, euro, finanzen, geld, geldwechsel, usd, waehrung, wechsel, währung, zahlung
💲 bezahlen, dollar, dollar-zeichen, dollarzeichen extrafett, eur, euro, finanzen, geld, knete, moneten, teuer, usd, waehrung, währung, zahlung
⚕ aeskulapstab, apotheke, arznei, asklepiosstab, medizin, äskulapstab
♻ gruene punkt, gruener punkt, grüne punkt, grüner punkt, recycling, recycling-symbol
⚜ fleur-de-lis, lilie
🔱 anker, dreizack, poseidon, triton
📛 namensschild, schild
🔰 anfaenger, anfänger, japanisches anfaenger-zeichen, japanisches anfänger-zeichen, japanisches symbol
⭕ großer kreis, grosser kreis, hohler roter kreis, kreis, kreise, o, rot
✅ abgehakt, erledigt, weisses haekchen, weißes häkchen
☑ abgehaktes kaestchen, abgehaktes kästchen, abstimmungsfeld, abstimmungsfeld mit haekchen, abstimmungsfeld mit häkchen, ankreuz, feld, haekchen, häkchen, kaestchen, kaestchen mit haekchen, kästchen, kästchen mit häkchen, wahlurne, ✓
✔ abhaken, erledigt, fertig, haekchen, haken, häkchen, kraeftiges haekchen, kräftiges häkchen
❌ abbrechen, durchgestrichen, kreuzzeichen, mal, multiplikation, multiplizieren, rotes kreuz, x
❎ angekreuztes feld, angekreuztes kaestchen, angekreuztes kästchen, feld, kreuz, kreuzsymbol im quadrat, quadrat, quadrate, x
➰ schleife
➿ blau, doppelschleife, rechteck, schleife
〽 japanisch, teilalternationszeichen, zeichensetzung
✳ *, achtzackig, achtzackiger stern, gruen, grün, quadrat, quadrate, stern, sterne
✴ *, achtstrahliger stern, stern, sterne
❇ *, funkeln, gruen, grün, quadrat, quadrate
© c, copyright
® markenzeichen, r, registered-trademark
™ markenzeichen, tm, trademark
🫟 farbe, fleck, holi, klecks, spritzer, tinte
#️⃣ taste, taste: #
*️⃣ taste, taste: *
0️⃣ taste, taste: 0
1️⃣ taste, taste: 1
2️⃣ taste, taste: 2
3️⃣ taste, taste: 3
4️⃣ taste, taste: 4
5️⃣ taste, taste: 5
6️⃣ taste, taste: 6
7️⃣ taste, taste: 7
8️⃣ taste, taste: 8
9️⃣ taste, taste: 9
🔟 taste, taste: 10
🔠 abcd, buchstabe, buchstaben, eingabe, eingabesymbol, eingabesymbol lateinische großbuchstaben, eingabesymbol lateinische grossbuchstaben, großbuchstaben, grossbuchstaben, großschreiben, grossschreiben, lateinisch
🔡 eingabesymbol lateinische kleinbuchstaben, kleinbuchstaben, lateinische kleinbuchstaben
🔢 1234, eingabe, eingabesymbol, eingabesymbol zahlen, symbol, symbole, zahl, zahlen, ziffern
🔣 %, &, eingabe, eingabesymbol, eingabesymbol sonderzeichen, keycap, sonderzeichen, symbol, symbole, tastenkappe, ♪, 〒
🔤 abc, alphabet, buchstabe, buchstaben, eingabe, eingabesymbol, eingabesymbol lateinische buchstaben, lateinisch, symbol, symbole
🅰 a, blut, blutgruppe, großbuchstabe, grossbuchstabe, großbuchstabe a in rotem quadrat, grossbuchstabe a in rotem quadrat, negativ, positiv
🆎 ab, blut, blutgruppe, großbuchstaben ab in rotem quadrat, grossbuchstaben ab in rotem quadrat, negativ, positiv
🅱 b, blut, blutgruppe, großbuchstabe, grossbuchstabe, großbuchstabe b in rotem quadrat, grossbuchstabe b in rotem quadrat, negativ, positiv
🆑 cl, großbuchstaben cl in rotem quadrat, grossbuchstaben cl in rotem quadrat
🆒 cool, wort „cool“ in blauem quadrat
🆓 free, wort „free“ in blauem quadrat
ℹ buchstabe „i“ in blauem quadrat, i, information
🆔 großbuchstaben id in lila quadrat, grossbuchstaben id in lila quadrat, id
Ⓜ buchstabe, buchstabe „m“ in kreis, buchstaben, eingekreist, großbuchstabe, grossbuchstabe, kreis, kreise, m
🆕 neu, new, wort „new“ in blauem quadrat
🆖 großbuchstaben ng in blauem quadrat, grossbuchstaben ng in blauem quadrat, ng
🅾 0, blut, blutgruppe, großbuchstabe, grossbuchstabe, großbuchstabe o in rotem quadrat, grossbuchstabe o in rotem quadrat, negativ, o, positiv
🆗 großbuchstaben, grossbuchstaben, großbuchstaben ok in blauem quadrat, grossbuchstaben ok in blauem quadrat, gut, ja, keycap, ok, okay, taste, tastenkappe, zustimmung
🅿 großbuchstabe, grossbuchstabe, großbuchstabe p in blauem quadrat, grossbuchstabe p in blauem quadrat, p, parken, parkplatz, taste
🆘 helfen, hilfe, sos, sos-zeichen, support
🆙 keycap, schriftzug „up!“ im blauen quadrat, taste, tastenkappe, up, up!
🆚 gegen, schriftzug vs in orangem quadrat, taste, versus, vs
🈁 japanisches schriftzeichen, schriftzeichen „koko“, „koko“
🈂 japanisches schriftzeichen, schriftzeichen „sa“, „sa“
🈷 dunkel, japanisch, monatlich, monatsbetrag, mond, nacht, schriftzeichen, schriftzeichen fuer „monatsbetrag“, schriftzeichen für „monatsbetrag“, taste
🈶 berechnen, existieren, japanisch, nicht gratis, schriftzeichen, schriftzeichen fuer „nicht gratis“, schriftzeichen für „nicht gratis“, taste
🈯 finger, japanisches schriftzeichen, reserviert, schriftzeichen fuer „finger“, schriftzeichen fuer „reserviert“, schriftzeichen für „finger“, schriftzeichen für „reserviert“
🉐 japanisches schriftzeichen, schnaeppchen, schnäppchen, schriftzeichen fuer „schnaeppchen“, schriftzeichen fuer „vorteil“, schriftzeichen für „schnäppchen“, schriftzeichen für „vorteil“, vorteil
🈹 japanisches schriftzeichen, rabatt, schriftzeichen fuer „rabatt“, schriftzeichen fuer „teilen“, schriftzeichen für „rabatt“, schriftzeichen für „teilen“, teilen
🈚 gratis, japanisches schriftzeichen, schriftzeichen fuer „gratis“, schriftzeichen fuer „verhandlung“, schriftzeichen für „gratis“, schriftzeichen für „verhandlung“, verhandlung
🈲 japanisches schriftzeichen, kanji, schriftzeichen fuer „verbieten“, schriftzeichen für „verbieten“, verbieten
🉑 akzeptieren, japanisch, schriftzeichen, schriftzeichen fuer „akzeptieren“, schriftzeichen für „akzeptieren“
🈸 anwenden, chinesisches schriftzeichen, japanisches schriftzeichen, schriftzeichen fuer „anwenden“, schriftzeichen für „anwenden“
🈴 bestanden, bestehen, chinesisches schriftzeichen, japanisches schriftzeichen, schriftzeichen fuer „note zum bestehen“, schriftzeichen fuer „zusammen“, schriftzeichen für „note zum bestehen“, schriftzeichen für „zusammen“, zusammen
🈳 chinesisches schriftzeichen, japanisches schriftzeichen, leer, schriftzeichen fuer „leer“, schriftzeichen fuer „zimmer frei“, schriftzeichen für „leer“, schriftzeichen für „zimmer frei“, zimmer frei
㊗ chinesisches schriftzeichen, gratulation, japanisches schriftzeichen, schriftzeichen fuer „gratulation“, schriftzeichen für „gratulation“
㊙ chinesisches schriftzeichen, geheimnis, japanisches schriftzeichen, schriftzeichen fuer „geheimnis“, schriftzeichen für „geheimnis“
🈺 betrieb, chinesisches schriftzeichen, geoeffnet, geöffnet, japanisches schriftzeichen, schriftzeichen fuer „betrieb“, schriftzeichen fuer „geoeffnet“, schriftzeichen für „betrieb“, schriftzeichen für „geöffnet“
🈵 belegt, besetzt, chinesisches schriftzeichen, fuelle, fülle, japanisches schriftzeichen, kanji, kein zimmer frei, schriftzeichen fuer „fuelle“, schriftzeichen fuer „kein zimmer frei“, schriftzeichen für „fülle“, schriftzeichen für „kein zimmer frei“
🔴 baelle, ball, bälle, großer roter kreis, grosser roter kreis, kreis, kreise, punkt, rot, roter punkt
🟠 form, kreis, kreise, orange, orange scheibe, oranger kreis, oranger punkt, punkt
🟡 form, gelb, gelbe scheibe, gelber kreis, gelber punkt, kreis, kreise, punkt, scheibe
🟢 form, gruen, gruene scheibe, gruener kreis, gruener punkt, grün, grüne scheibe, grüner kreis, grüner punkt, kreis, kreise, punkt
🔵 baelle, ball, blau, blauer punkt, bälle, großer blauer kreis, grosser blauer kreis, kreis, kreise, punkt
🟣 form, kreis, kreise, lila, lila punkt, punkt, scheibe, violett
🟤 braun, braune scheibe, brauner kreis, brauner punkt, form, kreis, kreise, punkt
⚫ baelle, ball, bälle, großer schwarzer kreis, grosser schwarzer kreis, kreis, kreise, punkt, rund, schwarz, schwarzer punkt
⚪ baelle, ball, bälle, großer weißer kreis, grosser weisser kreis, kreis, kreise, punkt, weiß, weiss, weißer punkt, weisser punkt
🟥 form, quadrat, quadrate, rot, rotes quadrat, rotes viereck, viereck
🟧 form, orange, oranges quadrat, oranges viereck, quadrat, quadrate, viereck
🟨 form, gelb, gelbes quadrat, gelbes viereck, quadrat, quadrate, viereck
🟩 form, gruen, gruenes quadrat, gruenes viereck, grün, grünes quadrat, grünes viereck, quadrat, quadrate, viereck
🟦 blau, blaues quadrat, blaues viereck, form, quadrat, quadrate, viereck
🟪 form, lila, lila quadrat, quadrat, quadrate, viereck, violett
🟫 braun, braunes quadrat, braunes viereck, form, quadrat, quadrate, viereck
⬛ großes schwarzes quadrat, grosses schwarzes quadrat, quadrat, quadrate, schwarz
⬜ großes weißes quadrat, grosses weisses quadrat, quadrat, quadrate, weiß, weiss
◼ mittelgroßes schwarzes quadrat, mittelgrosses schwarzes quadrat, quadrat, quadrate, schwarz
◻ mittelgroßes weißes quadrat, mittelgrosses weisses quadrat, quadrat, quadrate, weiß, weiss
◾ mittelkleines schwarzes quadrat, quadrat, quadrate, schwarz
◽ geometrisch, mittelkleines weißes quadrat, mittelkleines weisses quadrat, quadrat, quadrate, weiß, weiss
▪ kleines schwarzes quadrat, punkt, quadrat, quadrate, schwarz
▫ kleines weißes quadrat, kleines weisses quadrat, quadrat, quadrate, weiß, weiss
🔶 große orangefarbene raute, grosse orangefarbene raute, orangefarben, raute
🔷 blau, große blaue raute, grosse blaue raute, raute
🔸 kleine orangefarbene raute, orangefarben, raute
🔹 blau, kleine blaue raute, raute
🔺 aufwaerts, aufwärts, dreieck, rot, rotes dreieck mit der spitze nach oben, rotes dreieck mit spitze oben
🔻 abwaerts, abwärts, dreieck, rot, rotes dreieck mit der spitze nach unten
💠 diamant, mit punkt, rautenform, rautenform mit punkt
🔘 optionsfeld, schaltflaeche, schaltfläche
🔳 quadrat, quadrate, quadratisch, schaltflaeche, schaltfläche, weiß, weiss, weisse quadratische schaltflaeche, weiße quadratische schaltfläche
🔲 quadratisch, schaltflaeche, schaltfläche, schwarz, schwarze quadratische schaltflaeche, schwarze quadratische schaltfläche
🏁 flagge, flaggen, formel 1, karierte flagge, nascar, rennen, sport, sportarten, zielflagge
🚩 dreiecksflagge, flagge, flaggen, rot, standortflagge, wimpel
🎌 japan, japanische flaggen, ueberkreuzte flaggen, überkreuzte flaggen
🏴 fahne, fahnen, schwarze fahne, schwarze flagge, wehen, wehende schwarze fahne
🏳 fahne, fahnen, wehen, wehende weiße fahne, wehende weisse fahne, weiße fahne, weisse fahne, weiße flagge, weisse flagge
🏳️‍🌈 bisexuell, bunt, fahne, fahnen, flagge, flaggen, lesbisch, lgbt, lgbtq, pride, queer, regenbogen, regenbogenflagge, schwul, trans
🏳️‍⚧️ flagge, flaggen, transgender, transgender-flagge
🏴‍☠️ jolly roger, pirat, piratenfahne, piratenflagge, schatz
🇦🇨 ac, flagge, flagge: ascension, flaggen
🇦🇩 ad, flagge, flagge: andorra, flaggen
🇦🇪 ae, flagge, flagge: vereinigte arabische emirate, flaggen
🇦🇫 af, flagge, flagge: afghanistan, flaggen
🇦🇬 ag, flagge, flagge: antigua und barbuda, flaggen
🇦🇮 ai, flagge, flagge: anguilla, flaggen
🇦🇱 al, flagge, flagge: albanien, flaggen
🇦🇲 am, flagge, flagge: armenien, flaggen
🇦🇴 ao, flagge, flagge: angola, flaggen
🇦🇶 aq, flagge, flagge: antarktis, flaggen
🇦🇷 ar, flagge, flagge: argentinien, flaggen
🇦🇸 as, flagge, flagge: amerikanisch-samoa, flaggen
🇦🇹 at, flagge, flagge: oesterreich, flagge: österreich, flaggen
🇦🇺 au, flagge, flagge: australien, flaggen
🇦🇼 aw, flagge, flagge: aruba, flaggen
🇦🇽 ax, flagge, flagge: ålandinseln, flaggen
🇦🇿 az, flagge, flagge: aserbaidschan, flaggen
🇧🇦 ba, flagge, flagge: bosnien und herzegowina, flaggen
🇧🇧 bb, flagge, flagge: barbados, flaggen
🇧🇩 bd, flagge, flagge: bangladesch, flaggen
🇧🇪 be, flagge, flagge: belgien, flaggen
🇧🇫 bf, flagge, flagge: burkina faso, flaggen
🇧🇬 bg, flagge, flagge: bulgarien, flaggen
🇧🇭 bh, flagge, flagge: bahrain, flaggen
🇧🇮 bi, flagge, flagge: burundi, flaggen
🇧🇯 bj, flagge, flagge: benin, flaggen
🇧🇱 bl, flagge, flagge: st. barthélemy, flaggen
🇧🇲 bm, flagge, flagge: bermuda, flaggen
🇧🇳 bn, flagge, flagge: brunei darussalam, flaggen
🇧🇴 bo, flagge, flagge: bolivien, flaggen
🇧🇶 bq, flagge, flagge: karibische niederlande, flaggen
🇧🇷 br, flagge, flagge: brasilien, flaggen
🇧🇸 bs, flagge, flagge: bahamas, flaggen
🇧🇹 bt, flagge, flagge: bhutan, flaggen
🇧🇻 bv, flagge, flagge: bouvetinsel, flaggen
🇧🇼 bw, flagge, flagge: botsuana, flaggen
🇧🇾 by, flagge, flagge: belarus, flaggen
🇧🇿 bz, flagge, flagge: belize, flaggen
🇨🇦 ca, flagge, flagge: kanada, flaggen
🇨🇨 cc, flagge, flagge: kokosinseln, flaggen
🇨🇩 cd, flagge, flagge: kongo-kinshasa, flaggen
🇨🇫 cf, flagge, flagge: zentralafrikanische republik, flaggen
🇨🇬 cg, flagge, flagge: kongo-brazzaville, flaggen
🇨🇭 ch, flagge, flagge: schweiz, flaggen
🇨🇮 ci, flagge, flagge: côte d’ivoire, flaggen
🇨🇰 ck, flagge, flagge: cookinseln, flaggen
🇨🇱 cl, flagge, flagge: chile, flaggen
🇨🇲 cm, flagge, flagge: kamerun, flaggen
🇨🇳 cn, flagge, flagge: china, flaggen
🇨🇴 co, flagge, flagge: kolumbien, flaggen
🇨🇵 cp, flagge, flagge: clipperton-insel, flaggen
🇨🇶 cq, flag: sark
🇨🇷 cr, flagge, flagge: costa rica, flaggen
🇨🇺 cu, flagge, flagge: kuba, flaggen
🇨🇻 cv, flagge, flagge: cabo verde, flaggen
🇨🇼 cw, flagge, flagge: curaçao, flaggen
🇨🇽 cx, flagge, flagge: weihnachtsinsel, flaggen
🇨🇾 cy, flagge, flagge: zypern, flaggen
🇨🇿 cz, flagge, flagge: tschechien, flaggen
🇩🇪 de, flagge, flagge: deutschland, flaggen
🇩🇬 dg, flagge, flagge: diego garcia, flaggen
🇩🇯 dj, flagge, flagge: dschibuti, flaggen
🇩🇰 dk, flagge, flagge: daenemark, flagge: dänemark, flaggen
🇩🇲 dm, flagge, flagge: dominica, flaggen
🇩🇴 do, flagge, flagge: dominikanische republik, flaggen
🇩🇿 dz, flagge, flagge: algerien, flaggen
🇪🇦 ea, flagge, flagge: ceuta und melilla, flaggen
🇪🇨 ec, flagge, flagge: ecuador, flaggen
🇪🇪 ee, flagge, flagge: estland, flaggen
🇪🇬 eg, flagge, flagge: aegypten, flagge: ägypten, flaggen
🇪🇭 eh, flagge, flagge: westsahara, flaggen
🇪🇷 er, flagge, flagge: eritrea, flaggen
🇪🇸 es, flagge, flagge: spanien, flaggen
🇪🇹 et, flagge, flagge: aethiopien, flagge: äthiopien, flaggen
🇪🇺 eu, flagge, flagge: europaeische union, flagge: europäische union, flaggen
🇫🇮 fi, flagge, flagge: finnland, flaggen
🇫🇯 fj, flagge, flagge: fidschi, flaggen
🇫🇰 fk, flagge, flagge: falklandinseln, flaggen
🇫🇲 flagge, flagge: mikronesien, flaggen, fm
🇫🇴 flagge, flagge: faeroeer, flagge: färöer, flaggen, fo
🇫🇷 flagge, flagge: frankreich, flaggen, fr
🇬🇦 flagge, flagge: gabun, flaggen, ga
🇬🇧 flagge, flagge: vereinigtes koenigreich, flagge: vereinigtes königreich, flaggen, gb
🇬🇩 flagge, flagge: grenada, flaggen, gd
🇬🇪 flagge, flagge: georgien, flaggen, ge
🇬🇫 flagge, flagge: franzoesisch-guayana, flagge: französisch-guayana, flaggen, gf
🇬🇬 flagge, flagge: guernsey, flaggen, gg
🇬🇭 flagge, flagge: ghana, flaggen, gh
🇬🇮 flagge, flagge: gibraltar, flaggen, gi
🇬🇱 flagge, flagge: groenland, flagge: grönland, flaggen, gl
🇬🇲 flagge, flagge: gambia, flaggen, gm
🇬🇳 flagge, flagge: guinea, flaggen, gn
🇬🇵 flagge, flagge: guadeloupe, flaggen, gp
🇬🇶 flagge, flagge: aequatorialguinea, flagge: äquatorialguinea, flaggen, gq
🇬🇷 flagge, flagge: griechenland, flaggen, gr
🇬🇸 flagge, flagge: suedgeorgien und die suedlichen sandwichinseln, flagge: südgeorgien und die südlichen sandwichinseln, flaggen, gs
🇬🇹 flagge, flagge: guatemala, flaggen, gt
🇬🇺 flagge, flagge: guam, flaggen, gu
🇬🇼 flagge, flagge: guinea-bissau, flaggen, gw
🇬🇾 flagge, flagge: guyana, flaggen, gy
🇭🇰 flagge, flagge: sonderverwaltungsregion hongkong, flaggen, hk
🇭🇲 flagge, flagge: heard und mcdonaldinseln, flaggen, hm
🇭🇳 flagge, flagge: honduras, flaggen, hn
🇭🇷 flagge, flagge: kroatien, flaggen, hr
🇭🇹 flagge, flagge: haiti, flaggen, ht
🇭🇺 flagge, flagge: ungarn, flaggen, hu
🇮🇨 flagge, flagge: kanarische inseln, flaggen, ic
🇮🇩 flagge, flagge: indonesien, flaggen, id
🇮🇪 flagge, flagge: irland, flaggen, ie
🇮🇱 flagge, flagge: israel, flaggen, il
🇮🇲 flagge, flagge: isle of man, flaggen, im
🇮🇳 flagge, flagge: indien, flaggen, in
🇮🇴 flagge, flagge: britisches territorium im indischen ozean, flaggen, io
🇮🇶 flagge, flagge: irak, flaggen, iq
🇮🇷 flagge, flagge: iran, flaggen, ir
🇮🇸 flagge, flagge: island, flaggen, is
🇮🇹 flagge, flagge: italien, flaggen, it
🇯🇪 flagge, flagge: jersey, flaggen, je
🇯🇲 flagge, flagge: jamaika, flaggen, jm
🇯🇴 flagge, flagge: jordanien, flaggen, jo
🇯🇵 flagge, flagge: japan, flaggen, jp
🇰🇪 flagge, flagge: kenia, flaggen, ke
🇰🇬 flagge, flagge: kirgisistan, flaggen, kg
🇰🇭 flagge, flagge: kambodscha, flaggen, kh
🇰🇮 flagge, flagge: kiribati, flaggen, ki
🇰🇲 flagge, flagge: komoren, flaggen, km
🇰🇳 flagge, flagge: st. kitts und nevis, flaggen, kn
🇰🇵 flagge, flagge: nordkorea, flaggen, kp
🇰🇷 flagge, flagge: suedkorea, flagge: südkorea, flaggen, kr
🇰🇼 flagge, flagge: kuwait, flaggen, kw
🇰🇾 flagge, flagge: kaimaninseln, flaggen, ky
🇰🇿 flagge, flagge: kasachstan, flaggen, kz
🇱🇦 flagge, flagge: laos, flaggen, la
🇱🇧 flagge, flagge: libanon, flaggen, lb
🇱🇨 flagge, flagge: st. lucia, flaggen, lc
🇱🇮 flagge, flagge: liechtenstein, flaggen, li
🇱🇰 flagge, flagge: sri lanka, flaggen, lk
🇱🇷 flagge, flagge: liberia, flaggen, lr
🇱🇸 flagge, flagge: lesotho, flaggen, ls
🇱🇹 flagge, flagge: litauen, flaggen, lt
🇱🇺 flagge, flagge: luxemburg, flaggen, lu
🇱🇻 flagge, flagge: lettland, flaggen, lv
🇱🇾 flagge, flagge: libyen, flaggen, ly
🇲🇦 flagge, flagge: marokko, flaggen, ma
🇲🇨 flagge, flagge: monaco, flaggen, mc
🇲🇩 flagge, flagge: republik moldau, flaggen, md
🇲🇪 flagge, flagge: montenegro, flaggen, me
🇲🇫 flagge, flagge: st. martin, flaggen, mf
🇲🇬 flagge, flagge: madagaskar, flaggen, mg
🇲🇭 flagge, flagge: marshallinseln, flaggen, mh
🇲🇰 flagge, flagge: nordmazedonien, flaggen, mk
🇲🇱 flagge, flagge: mali, flaggen, ml
🇲🇲 flagge, flagge: myanmar, flaggen, mm
🇲🇳 flagge, flagge: mongolei, flaggen, mn
🇲🇴 flagge, flagge: sonderverwaltungsregion macau, flaggen, mo
🇲🇵 flagge, flagge: noerdliche marianen, flagge: nördliche marianen, flaggen, mp
🇲🇶 flagge, flagge: martinique, flaggen, mq
🇲🇷 flagge, flagge: mauretanien, flaggen, mr
🇲🇸 flagge, flagge: montserrat, flaggen, ms
🇲🇹 flagge, flagge: malta, flaggen, mt
🇲🇺 flagge, flagge: mauritius, flaggen, mu
🇲🇻 flagge, flagge: malediven, flaggen, mv
🇲🇼 flagge, flagge: malawi, flaggen, mw
🇲🇽 flagge, flagge: mexiko, flaggen, mx
🇲🇾 flagge, flagge: malaysia, flaggen, my
🇲🇿 flagge, flagge: mosambik, flaggen, mz
🇳🇦 flagge, flagge: namibia, flaggen, na
🇳🇨 flagge, flagge: neukaledonien, flaggen, nc
🇳🇪 flagge, flagge: niger, flaggen, ne
🇳🇫 flagge, flagge: norfolkinsel, flaggen, nf
🇳🇬 flagge, flagge: nigeria, flaggen, ng
🇳🇮 flagge, flagge: nicaragua, flaggen, ni
🇳🇱 flagge, flagge: niederlande, flaggen, nl
🇳🇴 flagge, flagge: norwegen, flaggen, no
🇳🇵 flagge, flagge: nepal, flaggen, np
🇳🇷 flagge, flagge: nauru, flaggen, nr
🇳🇺 flagge, flagge: niue, flaggen, nu
🇳🇿 flagge, flagge: neuseeland, flaggen, nz
🇴🇲 flagge, flagge: oman, flaggen, om
🇵🇦 flagge, flagge: panama, flaggen, pa
🇵🇪 flagge, flagge: peru, flaggen, pe
🇵🇫 flagge, flagge: franzoesisch-polynesien, flagge: französisch-polynesien, flaggen, pf
🇵🇬 flagge, flagge: papua-neuguinea, flaggen, pg
🇵🇭 flagge, flagge: philippinen, flaggen, ph
🇵🇰 flagge, flagge: pakistan, flaggen, pk
🇵🇱 flagge, flagge: polen, flaggen, pl
🇵🇲 flagge, flagge: st. pierre und miquelon, flaggen, pm
🇵🇳 flagge, flagge: pitcairninseln, flaggen, pn
🇵🇷 flagge, flagge: puerto rico, flaggen, pr
🇵🇸 flagge, flagge: palaestinensische autonomiegebiete, flagge: palästinensische autonomiegebiete, flaggen, ps
🇵🇹 flagge, flagge: portugal, flaggen, pt
🇵🇼 flagge, flagge: palau, flaggen, pw
🇵🇾 flagge, flagge: paraguay, flaggen, py
🇶🇦 flagge, flagge: katar, flaggen, qa
🇷🇪 flagge, flagge: réunion, flaggen, re
🇷🇴 flagge, flagge: rumaenien, flagge: rumänien, flaggen, ro
🇷🇸 flagge, flagge: serbien, flaggen, rs
🇷🇺 flagge, flagge: russland, flaggen, ru
🇷🇼 flagge, flagge: ruanda, flaggen, rw
🇸🇦 flagge, flagge: saudi-arabien, flaggen, sa
🇸🇧 flagge, flagge: salomonen, flaggen, sb
🇸🇨 flagge, flagge: seychellen, flaggen, sc
🇸🇩 flagge, flagge: sudan, flaggen, sd
🇸🇪 flagge, flagge: schweden, flaggen, se
🇸🇬 flagge, flagge: singapur, flaggen, sg
🇸🇭 flagge, flagge: st. helena, flaggen, sh
🇸🇮 flagge, flagge: slowenien, flaggen, si
🇸🇯 flagge, flagge: spitzbergen und jan mayen, flaggen, sj
🇸🇰 flagge, flagge: slowakei, flaggen, sk
🇸🇱 flagge, flagge: sierra leone, flaggen, sl
🇸🇲 flagge, flagge: san marino, flaggen, sm
🇸🇳 flagge, flagge: senegal, flaggen, sn
🇸🇴 flagge, flagge: somalia, flaggen, so
🇸🇷 flagge, flagge: suriname, flaggen, sr
🇸🇸 flagge, flagge: suedsudan, flagge: südsudan, flaggen, ss
🇸🇹 flagge, flagge: são tomé und príncipe, flaggen, st
🇸🇻 flagge, flagge: el salvador, flaggen, sv
🇸🇽 flagge, flagge: sint maarten, flaggen, sx
🇸🇾 flagge, flagge: syrien, flaggen, sy
🇸🇿 flagge, flagge: eswatini, flaggen, sz
🇹🇦 flagge, flagge: tristan da cunha, flaggen, ta
🇹🇨 flagge, flagge: turks- und caicosinseln, flaggen, tc
🇹🇩 flagge, flagge: tschad, flaggen, td
🇹🇫 flagge, flagge: franzoesische sued- und antarktisgebiete, flagge: französische süd- und antarktisgebiete, flaggen, tf
🇹🇬 flagge, flagge: togo, flaggen, tg
🇹🇭 flagge, flagge: thailand, flaggen, th
🇹🇯 flagge, flagge: tadschikistan, flaggen, tj
🇹🇰 flagge, flagge: tokelau, flaggen, tk
🇹🇱 flagge, flagge: timor-leste, flaggen, tl
🇹🇲 flagge, flagge: turkmenistan, flaggen, tm
🇹🇳 flagge, flagge: tunesien, flaggen, tn
🇹🇴 flagge, flagge: tonga, flaggen, to
🇹🇷 flagge, flagge: tuerkei, flagge: türkei, flaggen, tr
🇹🇹 flagge, flagge: trinidad und tobago, flaggen, tt
🇹🇻 fernseher, flagge, flagge: tuvalu, flaggen, television, tv
🇹🇼 flagge, flagge: taiwan, flaggen, tw
🇹🇿 flagge, flagge: tansania, flaggen, tz
🇺🇦 flagge, flagge: ukraine, flaggen, ua
🇺🇬 flagge, flagge: uganda, flaggen, ug
🇺🇲 flagge, flagge: amerikanische ueberseeinseln, flagge: amerikanische überseeinseln, flaggen, um
🇺🇳 flagge, flagge: vereinte nationen, flaggen, un
🇺🇸 flagge, flagge: vereinigte staaten, flaggen, us
🇺🇾 flagge, flagge: uruguay, flaggen, uy
🇺🇿 flagge, flagge: usbekistan, flaggen, uz
🇻🇦 flagge, flagge: vatikanstadt, flaggen, va
🇻🇨 flagge, flagge: st. vincent und die grenadinen, flaggen, vc
🇻🇪 flagge, flagge: venezuela, flaggen, ve
🇻🇬 flagge, flagge: britische jungferninseln, flaggen, vg
🇻🇮 flagge, flagge: amerikanische jungferninseln, flaggen, vi
🇻🇳 flagge, flagge: vietnam, flaggen, vn
🇻🇺 flagge, flagge: vanuatu, flaggen, vu
🇼🇫 flagge, flagge: wallis und futuna, flaggen, wf
🇼🇸 flagge, flagge: samoa, flaggen, ws
🇽🇰 flagge, flagge: kosovo, flaggen, xk
🇾🇪 flagge, flagge: jemen, flaggen, ye
🇾🇹 flagge, flagge: mayotte, flaggen, yt
🇿🇦 flagge, flagge: suedafrika, flagge: südafrika, flaggen, za
🇿🇲 flagge, flagge: sambia, flaggen, zm
🇿🇼 flagge, flagge: simbabwe, flaggen, zw
🏴󠁧󠁢󠁥󠁮󠁧󠁿 flagge, flagge: england, flaggen, gbeng
🏴󠁧󠁢󠁳󠁣󠁴󠁿 flagge, flagge: schottland, flaggen, gbsct
🏴󠁧󠁢󠁷󠁬󠁳󠁿 flagge, flagge: wales, flaggen, gbwls
